Comunidad,Estacion,Mes,T,TM,Tm,R,H,DR,DN,DT,DF,DH,DD,I
and,Almería Aeropuerto,Enero,12.6,16.9,8.3,24,67,2.9,0.0,0.5,1.0,0.0,7.1,194
and,Almería Aeropuerto,Febrero,13.3,17.6,9.0,25,67,2.9,0.0,0.5,1.3,0.0,6.1,191
and,Almería Aeropuerto,Marzo,15.1,19.6,10.6,16,65,2.6,0.0,0.3,1.5,0.0,5.7,232
and,Almería Aeropuerto,Abril,17.0,21.4,12.5,17,62,2.6,0.0,0.6,0.6,0.0,6.1,261
and,Almería Aeropuerto,Mayo,19.7,24.1,15.3,12,63,1.9,0.0,0.5,1.0,0.0,6.9,297
and,Almería Aeropuerto,Junio,23.5,27.9,18.9,5,61,0.6,0.0,0.6,0.4,0.0,13.1,325
and,Almería Aeropuerto,Julio,26.1,30.5,21.7,1,60,0.3,0.0,0.5,0.4,0.0,19.0,342
and,Almería Aeropuerto,Agosto,26.7,31.0,22.4,1,63,0.3,0.0,0.6,0.4,0.0,15.0,315
and,Almería Aeropuerto,Septiembre,24.2,28.4,20.0,14,65,1.5,0.0,1.1,0.5,0.0,9.3,256
and,Almería Aeropuerto,Octubre,20.4,24.5,16.3,27,68,2.8,0.0,1.0,0.9,0.0,5.4,218
and,Almería Aeropuerto,Noviembre,16.4,20.5,12.3,28,67,3.6,0.0,0.9,0.5,0.0,5.4,183
and,Almería Aeropuerto,Diciembre,13.8,17.9,9.6,30,67,3.3,0.0,0.5,0.5,0.0,6.2,178
and,Almería Aeropuerto,Año,19.1,23.4,14.7,200,65,25.4,0.0,7.4,8.9,0.0,108.0,2994
and,Cádiz,Enero,12.7,16.0,9.4,69,75,6.9,0.0,1.4,1.8,0.0,9.2,184
and,Cádiz,Febrero,13.8,16.8,10.7,58,74,6.4,0.0,1.1,1.1,0.0,8.0,197
and,Cádiz,Marzo,15.5,18.8,12.3,35,71,4.8,0.0,0.9,1.1,0.0,9.9,228
and,Cádiz,Abril,16.8,19.9,13.7,45,69,5.6,0.0,0.9,0.3,0.0,7.4,255
and,Cádiz,Mayo,19.1,22.1,16.2,27,70,3.2,0.0,0.8,0.2,0.0,8.2,307
and,Cádiz,Junio,22.4,25.3,19.5,7,69,0.9,0.0,0.3,0.5,0.0,13.9,331
and,Cádiz,Julio,24.6,27.7,21.4,0,68,0.1,0.0,0.2,0.7,0.0,19.0,-
and,Cádiz,Agosto,25.0,27.9,22.0,2,70,0.2,0.0,0.1,0.5,0.0,-,-
and,Cádiz,Septiembre,23.3,26.3,20.3,24,71,2.5,0.0,0.7,0.4,0.0,11.3,252
and,Cádiz,Octubre,20.3,23.4,17.3,67,74,5.6,0.0,1.3,0.5,0.0,8.9,228
and,Cádiz,Noviembre,16.5,19.6,13.4,98,74,7.2,0.0,1.7,0.9,0.0,8.1,187
and,Cádiz,Diciembre,13.9,16.9,10.9,92,76,8.1,0.0,1.4,1.1,0.0,7.9,166
and,Cádiz,Año,18.6,21.6,15.4,523,-,50.7,-,-,-,0.0,-,-
and,Córdoba Aeropuerto,Enero,9.3,14.9,3.6,66,76,7.2,0.2,0.4,2.8,6.6,10.3,174
and,Córdoba Aeropuerto,Febrero,11.1,17.4,4.9,55,71,6.1,0.0,0.6,2.4,3.0,8.8,186
and,Córdoba Aeropuerto,Marzo,14.4,21.3,7.4,49,64,4.9,0.0,1.0,0.5,0.4,8.5,218
and,Córdoba Aeropuerto,Abril,16.0,22.8,9.3,55,60,6.7,0.0,1.9,0.8,0.0,5.8,235
and,Córdoba Aeropuerto,Mayo,20.0,27.4,12.6,40,55,4.9,0.0,1.9,0.6,0.0,7.3,288
and,Córdoba Aeropuerto,Junio,24.7,32.8,16.5,13,48,1.4,0.0,1.1,0.0,0.0,13.7,323
and,Córdoba Aeropuerto,Julio,28.0,36.9,19.0,2,41,0.4,0.0,0.6,0.0,0.0,20.9,363
and,Córdoba Aeropuerto,Agosto,28.0,36.5,19.4,5,43,0.6,0.0,0.5,0.0,0.0,19.0,336
and,Córdoba Aeropuerto,Septiembre,24.2,31.6,16.9,35,52,3.2,0.0,1.7,0.3,0.0,10.3,248
and,Córdoba Aeropuerto,Octubre,19.1,25.1,13.0,86,66,6.9,0.0,1.7,1.2,0.0,7.8,204
and,Córdoba Aeropuerto,Noviembre,13.5,19.1,7.8,80,73,5.9,0.0,0.7,2.6,0.6,8.4,180
and,Córdoba Aeropuerto,Diciembre,10.4,15.3,5.5,111,79,8.1,0.0,0.7,4.5,3.3,8.1,148
and,Córdoba Aeropuerto,Año,18.2,25.1,11.4,605,60,56.6,0.2,12.7,15.7,15.5,130.5,-
and,Granada Aeropuerto,Enero,6.5,13.0,0.0,42,72,5.6,0.7,0.2,4.4,16.8,9.8,168
and,Granada Aeropuerto,Febrero,8.5,15.4,1.6,38,67,5.9,0.3,0.3,2.6,9.9,7.6,175
and,Granada Aeropuerto,Marzo,11.4,19.0,3.8,32,59,4.9,0.0,0.6,1.5,3.8,6.8,223
and,Granada Aeropuerto,Abril,13.3,20.6,6.0,36,57,6.2,0.0,0.9,0.9,0.8,5.3,234
and,Granada Aeropuerto,Mayo,17.2,25.0,9.4,28,51,4.2,0.0,1.8,0.4,0.1,6.5,288
and,Granada Aeropuerto,Junio,22.3,31.0,13.6,11,44,1.7,0.0,1.9,0.1,0.0,13.2,338
and,Granada Aeropuerto,Julio,25.3,34.8,15.7,2,38,0.3,0.0,1.0,0.0,0.0,22.3,372
and,Granada Aeropuerto,Agosto,24.8,34.2,15.5,4,42,0.6,0.0,1.1,0.1,0.0,19.1,340
and,Granada Aeropuerto,Septiembre,21.1,29.4,12.8,19,52,2.8,0.0,1.4,0.3,0.0,9.5,258
and,Granada Aeropuerto,Octubre,16.0,23.2,8.7,40,64,5.0,0.0,1.1,1.6,0.2,7.1,210
and,Granada Aeropuerto,Noviembre,10.6,17.0,4.2,54,72,6.8,0.1,0.5,3.8,4.8,6.7,163
and,Granada Aeropuerto,Diciembre,7.6,13.4,1.7,56,76,7.4,0.1,0.3,5.6,12.4,7.2,146
and,Granada Aeropuerto,Año,15.4,23.0,7.8,365,58,52.1,1.0,11.0,21.4,48.5,121.1,2917
and,Granada Base Aérea,Enero,6.8,12.6,1.1,41,72,5.8,0.7,0.3,3.1,13.1,9.1,170
and,Granada Base Aérea,Febrero,8.5,14.6,2.4,33,68,5.6,0.5,0.3,1.9,6.0,7.4,172
and,Granada Base Aérea,Marzo,11.4,18.0,4.8,35,60,5.1,0.2,0.8,0.8,1.5,7.0,219
and,Granada Base Aérea,Abril,13.1,19.5,6.8,37,57,6.3,0.1,1.0,0.6,0.3,5.5,234
and,Granada Base Aérea,Mayo,17.1,24.0,10.2,30,51,4.7,0.0,1.6,0.2,0.0,6.0,280
and,Granada Base Aérea,Junio,22.5,30.2,14.7,11,43,1.7,0.0,1.9,0.1,0.0,12.8,331
and,Granada Base Aérea,Julio,26.0,34.2,17.7,2,37,0.3,0.0,0.7,0.0,0.0,21.9,362
and,Granada Base Aérea,Agosto,25.5,33.5,17.6,3,41,0.6,0.0,1.2,0.0,0.0,18.7,330
and,Granada Base Aérea,Septiembre,21.6,28.7,14.4,23,51,2.7,0.0,1.8,0.2,0.0,8.6,254
and,Granada Base Aérea,Octubre,16.3,22.6,10.1,38,62,5.1,0.0,1.0,0.8,0.0,6.8,211
and,Granada Base Aérea,Noviembre,10.9,16.5,5.3,50,71,6.7,0.1,0.7,1.8,2.1,6.7,164
and,Granada Base Aérea,Diciembre,7.9,13.1,2.7,50,75,7.2,0.3,0.3,3.2,8.4,7.0,148
and,Granada Base Aérea,Año,15.7,22.3,9.0,352,57,51.9,2.0,11.5,12.8,31.6,118.4,2881
and,Huelva  Ronda Este,Enero,11.0,16.2,5.9,71,77,7.1,0.0,0.6,1.4,0.9,-,165
and,Huelva  Ronda Este,Febrero,12.4,17.8,7.0,50,74,5.5,0.0,0.5,2.3,0.3,-,171
and,Huelva  Ronda Este,Marzo,14.7,20.7,8.8,38,68,4.3,0.0,0.7,1.6,0.0,-,229
and,Huelva  Ronda Este,Abril,16.1,22.0,10.3,48,65,6.0,0.0,1.0,0.5,0.0,-,255
and,Huelva  Ronda Este,Mayo,19.2,25.2,13.2,29,62,3.8,0.0,0.8,0.7,0.0,-,296
and,Huelva  Ronda Este,Junio,22.8,29.0,16.6,8,57,1.1,0.0,0.1,0.1,0.0,-,341
and,Huelva  Ronda Este,Julio,25.8,32.7,18.9,3,51,0.2,0.0,0.2,0.1,0.0,-,366
and,Huelva  Ronda Este,Agosto,25.8,32.4,19.1,4,55,0.4,0.0,0.3,0.2,0.0,-,340
and,Huelva  Ronda Este,Septiembre,23.4,29.4,17.3,26,61,2.4,0.0,0.6,1.1,0.0,-,268
and,Huelva  Ronda Este,Octubre,19.5,24.9,14.1,68,69,6.4,0.0,1.0,1.3,0.0,-,211
and,Huelva  Ronda Este,Noviembre,14.9,20.0,9.8,79,73,6.3,0.0,0.9,0.9,0.0,-,176
and,Huelva  Ronda Este,Diciembre,12.3,16.9,7.6,99,78,7.9,0.0,1.4,1.9,0.5,-,151
and,Huelva  Ronda Este,Año,18.2,23.9,12.4,525,66,51.5,0.0,7.8,12.3,1.8,-,-
and,Jaén,Enero,8.6,12.1,5.1,55,70,6.4,0.4,0.1,1.5,1.6,-,-
and,Jaén,Febrero,10.3,14.0,6.6,50,65,6.2,0.3,0.1,0.7,0.6,-,-
and,Jaén,Marzo,13.1,17.4,8.9,44,59,5.0,0.3,0.2,0.5,0.3,-,-
and,Jaén,Abril,14.5,19.0,10.0,54,58,7.0,0.0,0.5,0.2,0.0,-,-
and,Jaén,Mayo,18.2,23.2,13.3,43,55,5.6,0.0,0.9,0.2,0.0,-,-
and,Jaén,Junio,23.7,29.4,18.1,18,-,2.0,0.0,0.9,0.3,-,-,-
and,Jaén,Julio,27.6,33.7,21.4,2,40,0.3,0.0,0.3,0.0,0.0,-,-
and,Jaén,Agosto,26.9,32.9,21.0,9,45,0.7,0.0,0.5,0.0,0.0,-,-
and,Jaén,Septiembre,22.8,27.7,17.8,26,54,2.6,0.0,1.0,0.1,0.0,-,-
and,Jaén,Octubre,17.9,21.9,13.8,55,64,5.9,0.0,0.5,0.4,0.0,-,-
and,Jaén,Noviembre,12.3,15.7,8.9,62,70,6.9,0.0,0.1,0.9,0.1,-,-
and,Jaén,Diciembre,9.5,12.8,6.3,75,72,7.6,0.1,0.3,1.6,0.6,-,-
and,Jaén,Año,-,-,-,-,-,-,-,-,-,-,-,-
and,Jerez de la Frontera Aeropuerto,Enero,10.7,16.2,5.2,78,77,6.4,0.0,1.0,4.1,2.4,10.6,184
and,Jerez de la Frontera Aeropuerto,Febrero,12.1,17.8,6.4,56,73,6.2,0.0,0.8,4.6,0.7,8.7,187
and,Jerez de la Frontera Aeropuerto,Marzo,14.5,20.8,8.3,37,67,5.2,0.0,1.1,2.9,0.1,9.8,224
and,Jerez de la Frontera Aeropuerto,Abril,16.0,22.2,9.8,49,64,5.7,0.0,1.5,1.8,0.0,7.6,251
and,Jerez de la Frontera Aeropuerto,Mayo,19.0,25.5,12.5,30,60,3.6,0.0,0.8,1.6,0.0,9.0,300
and,Jerez de la Frontera Aeropuerto,Junio,22.9,29.9,15.9,9,56,1.1,0.0,0.5,1.0,0.0,15.4,318
and,Jerez de la Frontera Aeropuerto,Julio,25.9,33.6,18.1,1,52,0.3,0.0,0.3,1.0,0.0,21.9,354
and,Jerez de la Frontera Aeropuerto,Agosto,26.1,33.5,18.7,2,55,0.2,0.0,0.4,0.8,0.0,19.9,334
and,Jerez de la Frontera Aeropuerto,Septiembre,23.7,30.4,17.0,27,61,2.2,0.0,1.2,1.4,0.0,12.7,250
and,Jerez de la Frontera Aeropuerto,Octubre,19.6,25.5,13.7,72,69,5.8,0.0,1.5,2.1,0.0,9.6,225
and,Jerez de la Frontera Aeropuerto,Noviembre,14.9,20.2,9.5,96,75,6.9,0.0,1.5,3.1,0.0,8.9,184
and,Jerez de la Frontera Aeropuerto,Diciembre,12.0,16.9,7.1,109,79,8.4,0.0,1.7,3.8,1.0,8.4,158
and,Jerez de la Frontera Aeropuerto,Año,18.1,24.4,11.9,570,66,52.5,0.0,12.5,28.0,4.0,142.1,2965
and,Málaga Aeropuerto,Enero,12.1,16.8,7.4,69,69,5.8,0.0,1.3,0.7,0.1,7.9,180
and,Málaga Aeropuerto,Febrero,12.9,17.7,8.2,60,68,4.8,0.0,1.2,1.0,0.1,6.3,180
and,Málaga Aeropuerto,Marzo,14.7,19.6,9.8,52,67,4.0,0.0,0.9,1.3,0.0,5.9,222
and,Málaga Aeropuerto,Abril,16.3,21.4,11.1,44,63,4.5,0.0,1.4,0.4,0.0,5.7,244
and,Málaga Aeropuerto,Mayo,19.3,24.3,14.2,20,59,3.1,0.0,1.1,0.7,0.0,7.3,292
and,Málaga Aeropuerto,Junio,23.0,28.1,18.0,6,58,0.8,0.0,0.7,0.6,0.0,14.0,329
and,Málaga Aeropuerto,Julio,25.5,30.5,20.5,0,58,0.1,0.0,0.2,0.8,0.0,20.6,347
and,Málaga Aeropuerto,Agosto,26.0,30.8,21.1,6,61,0.5,0.0,0.7,0.9,0.0,17.1,316
and,Málaga Aeropuerto,Septiembre,23.5,28.2,18.8,20,65,2.1,0.0,1.5,0.7,0.0,9.3,255
and,Málaga Aeropuerto,Octubre,19.5,24.1,15.0,57,70,4.4,0.0,1.5,1.4,0.0,6.0,215
and,Málaga Aeropuerto,Noviembre,15.7,20.1,11.3,100,71,5.6,0.0,1.3,0.9,0.0,5.6,172
and,Málaga Aeropuerto,Diciembre,13.2,17.5,8.9,100,72,6.6,0.0,1.5,0.8,0.0,5.6,160
and,Málaga Aeropuerto,Año,18.5,23.3,13.7,534,65,42.3,0.0,13.4,10.4,0.2,109.1,2905
and,Morón de la Frontera,Enero,9.9,15.7,4.1,68,74,6.3,0.0,0.6,3.0,4.9,10.8,182
and,Morón de la Frontera,Febrero,11.3,17.4,5.2,53,71,6.0,0.0,0.6,3.1,2.1,8.2,186
and,Morón de la Frontera,Marzo,13.9,20.8,7.0,42,64,5.0,0.0,0.7,1.7,0.5,9.3,221
and,Morón de la Frontera,Abril,15.5,22.2,8.8,60,61,6.9,0.0,1.7,1.0,0.0,6.6,236
and,Morón de la Frontera,Mayo,18.9,26.0,11.7,39,57,4.4,0.0,1.8,0.3,0.0,7.7,287
and,Morón de la Frontera,Junio,23.3,31.2,15.5,9,50,1.1,0.0,0.4,0.1,0.0,15.0,331
and,Morón de la Frontera,Julio,26.7,35.2,18.2,2,44,0.4,0.0,0.4,0.5,0.0,22.3,360
and,Morón de la Frontera,Agosto,26.9,34.7,19.0,4,47,0.4,0.0,0.5,0.2,0.0,20.6,337
and,Morón de la Frontera,Septiembre,23.9,31.0,16.7,27,54,2.0,0.0,1.2,0.1,0.0,11.5,243
and,Morón de la Frontera,Octubre,19.2,25.4,13.0,67,64,6.1,0.0,1.0,0.9,0.0,8.8,220
and,Morón de la Frontera,Noviembre,14.1,19.7,8.5,86,72,6.8,0.0,1.0,2.0,0.3,8.7,182
and,Morón de la Frontera,Diciembre,11.3,16.4,6.1,94,77,7.6,0.0,1.0,3.1,2.1,8.4,163
and,Morón de la Frontera,Año,17.9,24.7,11.2,543,61,52.5,0.0,11.0,15.6,9.6,139.0,-
and,Sevilla Aeropuerto,Enero,10.9,16.0,5.7,66,71,6.1,0.0,0.4,2.7,1.8,11.2,183
and,Sevilla Aeropuerto,Febrero,12.5,18.1,7.0,50,67,5.8,0.0,0.5,3.0,0.7,7.9,189
and,Sevilla Aeropuerto,Marzo,15.6,21.9,9.2,36,59,4.3,0.0,0.6,2.3,0.0,8.6,220
and,Sevilla Aeropuerto,Abril,17.3,23.4,11.1,54,57,6.1,0.0,1.4,1.4,0.0,6.0,238
and,Sevilla Aeropuerto,Mayo,20.7,27.2,14.2,30,53,3.7,0.0,1.2,0.7,0.0,6.9,293
and,Sevilla Aeropuerto,Junio,25.1,32.2,18.0,10,48,1.3,0.0,0.7,0.2,0.0,12.9,317
and,Sevilla Aeropuerto,Julio,28.2,36.0,20.3,2,44,0.2,0.0,0.2,0.2,0.0,21.1,354
and,Sevilla Aeropuerto,Agosto,27.9,35.5,20.4,5,48,0.5,0.0,0.4,0.2,0.0,18.7,328
and,Sevilla Aeropuerto,Septiembre,25.0,31.7,18.2,27,54,2.4,0.0,0.8,0.5,0.0,10.3,244
and,Sevilla Aeropuerto,Octubre,20.2,26.0,14.4,68,62,6.1,0.0,1.2,2.4,0.0,7.8,216
and,Sevilla Aeropuerto,Noviembre,15.1,20.2,10.0,91,70,6.4,0.0,0.9,2.1,0.0,8.0,181
and,Sevilla Aeropuerto,Diciembre,11.9,16.6,7.3,99,74,7.5,0.0,0.8,3.0,0.5,8.4,154
and,Sevilla Aeropuerto,Año,19.2,25.4,13.0,539,59,50.5,0.0,9.1,18.7,3.2,129.0,-
and,Tarifa,Enero,13.0,15.2,10.8,70,77,6.9,-,-,-,-,-,-
and,Tarifa,Febrero,13.0,15.1,10.9,75,79,7.8,-,-,-,0.0,-,-
and,Tarifa,Marzo,14.4,16.3,12.4,48,78,5.4,-,-,-,0.0,-,-
and,Tarifa,Abril,15.2,17.3,13.0,57,77,6.7,-,-,-,-,-,-
and,Tarifa,Mayo,17.2,19.4,14.9,28,78,4.0,-,-,-,0.0,-,-
and,Tarifa,Junio,19.8,21.8,17.8,8,79,1.3,-,-,-,0.0,-,-
and,Tarifa,Julio,21.7,23.9,19.4,2,80,0.4,-,-,-,0.0,-,-
and,Tarifa,Agosto,22.3,24.5,20.0,4,81,0.4,-,-,-,0.0,-,-
and,Tarifa,Septiembre,21.1,23.1,19.0,16,81,2.0,-,-,-,0.0,-,-
and,Tarifa,Octubre,18.6,20.6,16.7,80,81,6.4,-,-,-,0.0,-,-
and,Tarifa,Noviembre,15.9,17.9,13.9,86,79,8.0,-,-,-,-,-,-
and,Tarifa,Diciembre,14.1,16.1,12.1,118,78,10.1,-,-,-,0.0,-,-
and,Tarifa,Año,-,-,-,-,-,-,-,-,-,-,-,-
arn,Daroca,Enero,4.5,9.6,-0.6,21,75,4.6,2.5,0.0,2.3,17.4,5.2,126
arn,Daroca,Febrero,5.9,11.7,0.0,22,69,4.1,3.1,0.1,1.4,15.2,5.5,154
arn,Daroca,Marzo,8.8,15.4,2.2,22,62,4.5,1.9,0.3,0.4,9.3,6.8,205
arn,Daroca,Abril,10.7,17.0,4.4,44,61,7.6,1.2,1.9,0.5,3.1,4.8,211
arn,Daroca,Mayo,15.0,21.4,8.5,58,59,8.4,0.1,5.0,0.5,0.3,3.8,247
arn,Daroca,Junio,19.7,27.0,12.5,45,53,6.2,0.0,6.3,0.2,0.0,6.5,293
arn,Daroca,Julio,23.0,30.8,15.2,22,47,2.8,0.0,4.8,0.1,0.0,14.0,342
arn,Daroca,Agosto,22.8,30.3,15.2,24,51,3.6,0.0,5.8,0.2,0.0,10.2,313
arn,Daroca,Septiembre,18.6,25.7,11.5,37,58,4.6,0.0,3.5,0.5,0.0,7.1,242
arn,Daroca,Octubre,13.7,19.8,7.6,38,66,6.0,0.1,1.0,1.6,0.9,5.9,184
arn,Daroca,Noviembre,8.3,13.5,3.0,34,73,5.9,1.3,0.1,2.1,8.1,4.8,134
arn,Daroca,Diciembre,5.3,10.0,0.5,26,76,5.4,2.0,0.0,2.9,15.1,5.2,112
arn,Daroca,Año,13.0,19.4,6.7,393,62,63.7,12.1,28.8,12.6,69.8,-,2565
arn,Huesca Aeropuerto,Enero,5.2,9.0,1.4,31,78,5.0,1.0,0.2,7.3,10.3,-,138
arn,Huesca Aeropuerto,Febrero,6.9,11.6,2.2,28,70,4.5,0.8,0.1,3.4,7.0,5.5,173
arn,Huesca Aeropuerto,Marzo,10.1,15.7,4.5,30,61,4.2,0.4,0.2,1.3,3.5,7.0,230
arn,Huesca Aeropuerto,Abril,12.1,18.0,6.2,53,60,6.4,0.1,1.3,1.3,0.8,-,243
arn,Huesca Aeropuerto,Mayo,16.1,22.3,9.8,52,57,7.3,0.0,3.3,1.3,0.0,-,275
arn,Huesca Aeropuerto,Junio,21.0,28.1,13.8,33,50,4.3,0.0,3.7,0.3,0.0,-,302
arn,Huesca Aeropuerto,Julio,24.1,31.6,16.5,22,47,3.1,0.0,3.7,0.2,0.0,-,346
arn,Huesca Aeropuerto,Agosto,23.7,30.9,16.6,29,50,3.3,0.0,3.9,0.2,0.0,-,314
arn,Huesca Aeropuerto,Septiembre,19.8,25.9,13.6,48,57,4.4,0.0,3.2,0.7,0.0,-,247
arn,Huesca Aeropuerto,Octubre,15.0,19.8,10.1,60,67,6.5,0.0,1.1,1.6,0.0,-,197
arn,Huesca Aeropuerto,Noviembre,9.3,13.4,5.2,47,76,5.8,0.1,0.2,5.6,2.8,-,146
arn,Huesca Aeropuerto,Diciembre,5.5,9.2,1.9,44,81,6.0,0.8,0.1,8.4,9.7,-,123
arn,Huesca Aeropuerto,Año,14.0,19.6,8.4,480,63,60.7,-,21.3,33.4,34.2,-,2732
arn,Teruel,Enero,3.7,9.7,-2.3,19,76,3.7,2.5,0.0,3.8,21.9,-,-
arn,Teruel,Febrero,5.3,12.1,-1.6,15,68,3.0,2.6,0.0,2.3,19.4,5.7,-
arn,Teruel,Marzo,8.2,15.7,0.8,21,63,3.8,1.9,0.4,1.4,13.2,6.8,-
arn,Teruel,Abril,9.9,17.0,2.8,39,62,6.3,1.5,0.6,1.0,6.6,3.3,218
arn,Teruel,Mayo,14.3,21.8,6.8,57,61,7.6,0.2,3.2,1.0,0.5,3.1,-
arn,Teruel,Junio,18.7,27.0,10.5,46,57,6.1,0.0,4.3,0.8,0.0,-,-
arn,Teruel,Julio,22.2,31.3,13.0,26,52,2.7,0.0,4.2,0.4,0.0,-,-
arn,Teruel,Agosto,22.0,30.7,13.2,34,56,3.8,0.0,5.3,0.9,0.0,-,-
arn,Teruel,Septiembre,17.6,25.3,9.9,36,63,5.1,0.0,3.4,2.4,0.0,5.9,231
arn,Teruel,Octubre,12.7,19.3,6.0,47,71,6.6,0.0,1.2,4.0,1.4,4.6,-
arn,Teruel,Noviembre,7.2,13.4,0.9,22,74,4.3,0.9,0.1,3.7,13.2,-,-
arn,Teruel,Diciembre,4.2,9.9,-1.4,19,78,4.5,1.7,0.1,3.7,19.4,-,-
arn,Teruel,Año,12.2,19.4,4.9,378,65,57.4,11.2,22.2,24.0,94.9,-,-
arn,Zaragoza Aeropuerto,Enero,6.6,10.5,2.7,21,75,4.0,0.7,0.0,6.5,7.6,4.6,131
arn,Zaragoza Aeropuerto,Febrero,8.2,13.1,3.3,22,67,3.9,0.4,0.1,2.9,5.2,5.1,165
arn,Zaragoza Aeropuerto,Marzo,11.6,17.3,5.8,19,59,3.7,0.2,0.3,0.4,1.4,6.7,217
arn,Zaragoza Aeropuerto,Abril,13.8,19.6,7.9,39,57,5.7,0.0,1.4,0.2,0.1,4.6,226
arn,Zaragoza Aeropuerto,Mayo,18.0,24.1,11.8,44,54,6.4,0.0,4.1,0.3,0.0,4.5,274
arn,Zaragoza Aeropuerto,Junio,22.6,29.3,15.8,26,49,4.0,0.0,3.9,0.1,0.0,8.2,307
arn,Zaragoza Aeropuerto,Julio,25.3,32.4,18.3,17,47,2.6,0.0,3.8,0.0,0.0,14.6,348
arn,Zaragoza Aeropuerto,Agosto,25.0,31.7,18.3,17,51,2.3,0.0,3.7,0.0,0.0,10.9,315
arn,Zaragoza Aeropuerto,Septiembre,21.2,27.1,15.2,30,57,3.2,0.0,2.8,0.2,0.0,8.0,243
arn,Zaragoza Aeropuerto,Octubre,16.2,21.4,11.0,36,67,5.4,0.0,1.0,1.0,0.0,5.4,195
arn,Zaragoza Aeropuerto,Noviembre,10.6,14.8,6.3,30,73,5.1,0.1,0.1,3.9,1.9,4.0,148
arn,Zaragoza Aeropuerto,Diciembre,7.0,10.8,3.2,21,76,4.8,0.5,0.1,7.1,6.5,4.3,124
arn,Zaragoza Aeropuerto,Año,15.5,21.0,10.0,322,61,51.1,2.4,21.3,22.5,23.1,81.6,-
coo,Fuerteventura Aeropuerto,Enero,17.6,20.6,14.7,14,68,2.5,0.0,0.2,0.0,0.0,4.0,190
coo,Fuerteventura Aeropuerto,Febrero,17.9,21.0,14.8,16,69,2.4,0.0,0.1,0.1,0.0,4.0,190
coo,Fuerteventura Aeropuerto,Marzo,18.9,22.2,15.5,12,68,1.9,0.0,0.1,0.1,0.0,5.0,233
coo,Fuerteventura Aeropuerto,Abril,19.5,22.9,16.0,5,65,1.0,0.0,0.1,0.0,0.0,3.6,242
coo,Fuerteventura Aeropuerto,Mayo,20.6,24.1,17.1,1,66,0.2,0.0,0.0,0.1,0.0,5.3,280
coo,Fuerteventura Aeropuerto,Junio,22.5,25.8,19.1,0,67,0.0,0.0,0.0,0.1,0.0,7.2,285
coo,Fuerteventura Aeropuerto,Julio,24.0,27.3,20.8,0,69,0.0,0.0,0.0,0.0,0.0,12.4,294
coo,Fuerteventura Aeropuerto,Agosto,24.6,27.8,21.5,0,71,0.1,0.0,0.1,0.1,0.0,11.0,289
coo,Fuerteventura Aeropuerto,Septiembre,24.4,27.5,21.2,2,72,0.5,0.0,0.2,0.1,0.0,5.6,246
coo,Fuerteventura Aeropuerto,Octubre,22.9,26.1,19.8,8,73,1.7,0.0,0.2,0.0,0.0,3.4,227
coo,Fuerteventura Aeropuerto,Noviembre,20.9,24.0,17.7,13,71,2.2,0.0,0.2,0.0,0.0,3.0,203
coo,Fuerteventura Aeropuerto,Diciembre,18.9,22.0,15.9,26,71,3.2,0.0,0.1,0.0,0.0,3.8,186
coo,Fuerteventura Aeropuerto,Año,21.1,24.3,17.8,98,69,15.7,0.0,1.3,0.6,0.0,68.7,2836
coo,Gran Canaria Aeropuerto,Enero,17.9,20.8,15.0,25,65,3.1,0.0,0.4,0.0,0.0,4.1,184
coo,Gran Canaria Aeropuerto,Febrero,18.2,21.2,15.0,24,66,3.0,0.0,0.4,0.1,0.0,4.4,191
coo,Gran Canaria Aeropuerto,Marzo,19.0,22.3,15.7,12,64,2.3,0.0,0.3,0.1,0.0,5.5,229
coo,Gran Canaria Aeropuerto,Abril,19.4,22.6,16.2,6,64,1.3,0.0,0.1,0.0,0.0,3.1,228
coo,Gran Canaria Aeropuerto,Mayo,20.4,23.6,17.3,1,65,0.3,0.0,0.0,0.0,0.0,5.0,272
coo,Gran Canaria Aeropuerto,Junio,22.2,25.3,19.2,0,66,0.1,0.0,0.0,0.0,0.0,7.4,284
coo,Gran Canaria Aeropuerto,Julio,23.8,26.9,20.8,0,65,0.0,0.0,0.0,0.0,0.0,11.6,308
coo,Gran Canaria Aeropuerto,Agosto,24.6,27.5,21.6,0,66,0.1,0.0,0.1,0.0,0.0,11.6,300
coo,Gran Canaria Aeropuerto,Septiembre,24.3,27.2,21.4,9,68,1.1,0.0,0.3,0.0,0.0,6.7,242
coo,Gran Canaria Aeropuerto,Octubre,23.1,26.2,20.1,16,69,2.3,0.0,0.3,0.0,0.0,4.1,220
coo,Gran Canaria Aeropuerto,Noviembre,21.2,24.2,18.1,22,67,3.9,0.0,0.3,0.0,0.0,3.6,185
coo,Gran Canaria Aeropuerto,Diciembre,19.2,22.2,16.2,31,68,4.5,0.0,0.5,0.0,0.0,3.9,179
coo,Gran Canaria Aeropuerto,Año,21.1,24.2,18.0,151,66,22.1,0.0,2.7,0.3,0.0,70.9,-
coo,Hierro Aeropuerto,Enero,18.8,20.9,16.6,28,73,3.1,0.0,0.2,0.2,0.0,4.3,145
coo,Hierro Aeropuerto,Febrero,18.6,20.8,16.4,38,74,2.7,0.0,0.2,0.0,0.0,4.4,157
coo,Hierro Aeropuerto,Marzo,19.0,21.4,16.7,25,74,2.8,0.0,0.1,0.2,0.0,3.8,192
coo,Hierro Aeropuerto,Abril,19.3,21.6,17.0,13,74,1.5,0.0,0.1,0.0,0.0,2.0,204
coo,Hierro Aeropuerto,Mayo,20.3,22.6,17.9,2,73,0.7,0.0,0.0,0.0,0.0,3.5,243
coo,Hierro Aeropuerto,Junio,21.7,24.0,19.3,1,74,0.3,0.0,0.0,0.0,0.0,4.0,242
coo,Hierro Aeropuerto,Julio,22.8,25.0,20.5,0,76,0.0,0.0,0.0,0.0,0.0,3.2,221
coo,Hierro Aeropuerto,Agosto,23.7,26.1,21.3,1,77,0.3,0.0,0.0,0.0,0.0,4.4,239
coo,Hierro Aeropuerto,Septiembre,24.1,26.5,21.7,3,76,0.6,0.0,0.1,0.1,0.0,5.1,215
coo,Hierro Aeropuerto,Octubre,23.3,25.6,20.9,14,76,2.5,0.0,0.1,0.0,0.0,3.8,194
coo,Hierro Aeropuerto,Noviembre,21.6,23.7,19.5,37,74,3.3,0.0,0.2,0.0,0.0,3.6,152
coo,Hierro Aeropuerto,Diciembre,20.0,22.2,17.8,44,73,4.6,0.0,0.3,0.1,0.0,3.6,139
coo,Hierro Aeropuerto,Año,21.1,23.3,18.7,206,75,22.5,0.0,1.2,0.6,0.0,47.0,2382
coo,Izaña,Enero,4.3,7.5,1.1,47,50,4.5,2.4,0.4,9.4,12.3,-,226
coo,Izaña,Febrero,4.7,8.0,1.3,67,54,4.0,2.5,0.4,10.2,10.3,12.7,223
coo,Izaña,Marzo,6.4,10.2,2.7,58,48,4.1,2.1,0.5,9.6,9.0,13.4,260
coo,Izaña,Abril,7.6,11.8,3.5,18,45,2.7,0.6,0.2,9.1,6.5,13.6,294
coo,Izaña,Mayo,10.1,14.5,5.8,7,40,1.1,0.2,0.0,6.0,2.8,16.4,356
coo,Izaña,Junio,14.4,18.9,9.9,0,32,0.2,0.0,0.0,1.5,0.0,23.8,382
coo,Izaña,Julio,18.5,23.0,14.0,0,25,0.1,0.0,0.1,0.4,0.0,27.0,382
coo,Izaña,Agosto,18.2,22.6,13.8,5,30,0.5,0.0,0.1,0.6,0.0,24.2,358
coo,Izaña,Septiembre,14.5,18.6,10.4,13,43,1.6,0.0,0.4,4.9,0.0,16.5,295
coo,Izaña,Octubre,10.6,14.3,6.9,37,55,3.7,0.2,0.3,11.2,0.6,11.7,259
coo,Izaña,Noviembre,7.8,11.1,4.5,54,54,4.4,0.6,0.3,9.8,3.8,9.4,220
coo,Izaña,Diciembre,5.6,8.8,2.4,60,52,5.6,1.6,0.3,11.3,8.3,10.8,218
coo,Izaña,Año,-,-,-,392,-,33.4,-,3.4,83.9,-,-,-
coo,Lanzarote Aeropuerto,Enero,17.4,20.7,14.0,16,68,3.2,0.0,0.4,0.1,0.0,4.3,203
coo,Lanzarote Aeropuerto,Febrero,17.9,21.3,14.3,18,68,2.7,0.0,0.3,0.1,0.0,4.6,201
coo,Lanzarote Aeropuerto,Marzo,19.0,22.9,15.0,12,66,2.4,0.0,0.3,0.2,0.0,6.1,241
coo,Lanzarote Aeropuerto,Abril,19.6,23.5,15.7,5,66,1.3,0.0,0.1,0.1,0.0,3.6,255
coo,Lanzarote Aeropuerto,Mayo,20.8,24.6,16.8,2,66,0.4,0.0,0.0,0.0,0.0,5.0,297
coo,Lanzarote Aeropuerto,Junio,22.6,26.3,18.8,0,66,0.0,0.0,0.0,0.2,0.0,7.1,292
coo,Lanzarote Aeropuerto,Julio,24.3,28.2,20.4,0,68,0.0,0.0,0.0,0.1,0.0,12.8,308
coo,Lanzarote Aeropuerto,Agosto,25.2,29.1,21.2,0,68,0.1,0.0,0.1,0.0,0.0,10.8,295
coo,Lanzarote Aeropuerto,Septiembre,24.7,28.6,20.8,2,70,0.4,0.0,0.1,0.0,0.0,5.4,248
coo,Lanzarote Aeropuerto,Octubre,23.0,26.7,19.4,10,71,1.9,0.0,0.1,0.1,0.0,4.5,235
coo,Lanzarote Aeropuerto,Noviembre,20.7,24.2,17.2,15,69,3.0,0.0,0.4,0.1,0.0,4.0,207
coo,Lanzarote Aeropuerto,Diciembre,18.6,21.8,15.4,29,71,3.8,0.0,0.3,0.1,0.0,4.6,196
coo,Lanzarote Aeropuerto,Año,21.1,24.8,17.4,111,68,19.0,0.0,2.1,1.0,0.0,72.5,2986
coo,La Palma Aeropuerto,Enero,18.1,20.6,15.5,49,70,5.3,0.0,0.2,0.0,0.0,4.6,141
coo,La Palma Aeropuerto,Febrero,18.0,20.7,15.3,57,71,4.3,0.0,0.3,0.0,0.0,4.8,146
coo,La Palma Aeropuerto,Marzo,18.5,21.2,15.7,33,71,3.9,0.0,0.1,0.1,0.0,5.0,177
coo,La Palma Aeropuerto,Abril,18.9,21.6,16.2,18,70,2.7,0.0,0.1,0.1,0.0,3.4,174
coo,La Palma Aeropuerto,Mayo,20.0,22.6,17.4,7,70,1.3,0.0,0.0,0.0,0.0,4.3,192
coo,La Palma Aeropuerto,Junio,21.7,24.1,19.2,2,72,0.4,0.0,0.0,0.0,0.0,4.8,188
coo,La Palma Aeropuerto,Julio,23.1,25.5,20.7,1,73,0.3,0.0,0.0,0.0,0.0,7.0,222
coo,La Palma Aeropuerto,Agosto,23.9,26.3,21.4,1,73,0.4,0.0,0.0,0.1,0.0,7.1,209
coo,La Palma Aeropuerto,Septiembre,24.0,26.6,21.3,12,73,1.8,0.0,0.1,0.1,0.0,6.5,187
coo,La Palma Aeropuerto,Octubre,22.8,25.5,20.2,41,73,5.2,0.0,0.2,0.0,0.0,5.1,175
coo,La Palma Aeropuerto,Noviembre,20.9,23.5,18.3,70,71,6.8,0.0,0.4,0.1,0.0,4.2,140
coo,La Palma Aeropuerto,Diciembre,19.3,21.8,16.7,80,70,7.9,0.0,0.3,0.0,0.0,4.7,138
coo,La Palma Aeropuerto,Año,20.7,23.3,18.1,369,72,40.3,0.0,1.9,0.6,0.0,62.6,2106
coo,Sta.Cruz de Tenerife,Enero,18.2,21.0,15.4,32,64,4.2,0.0,0.3,0.0,0.0,3.4,178
coo,Sta.Cruz de Tenerife,Febrero,18.3,21.2,15.3,35,65,3.8,0.0,0.4,0.1,0.0,4.7,186
coo,Sta.Cruz de Tenerife,Marzo,19.0,22.1,15.9,38,62,3.8,0.0,0.2,0.0,0.0,5.3,221
coo,Sta.Cruz de Tenerife,Abril,19.7,22.7,16.5,12,61,2.4,0.0,0.1,0.0,0.0,4.3,237
coo,Sta.Cruz de Tenerife,Mayo,21.0,24.1,17.8,4,61,0.9,0.0,0.0,0.0,0.0,5.7,282
coo,Sta.Cruz de Tenerife,Junio,22.9,26.2,19.5,1,61,0.2,0.0,0.0,0.0,0.0,12.0,306
coo,Sta.Cruz de Tenerife,Julio,25.0,28.7,21.2,0,58,0.0,0.0,0.0,0.0,0.0,19.8,337
coo,Sta.Cruz de Tenerife,Agosto,25.5,29.0,21.9,2,60,0.3,0.0,0.0,0.0,0.0,17.8,319
coo,Sta.Cruz de Tenerife,Septiembre,24.9,28.1,21.7,7,64,0.9,0.0,0.2,0.0,0.0,7.8,253
coo,Sta.Cruz de Tenerife,Octubre,23.4,26.3,20.3,19,66,3.1,0.0,0.1,0.0,0.0,4.5,222
coo,Sta.Cruz de Tenerife,Noviembre,21.3,24.1,18.4,34,65,4.7,0.0,0.3,0.1,0.0,3.1,178
coo,Sta.Cruz de Tenerife,Diciembre,19.4,22.1,16.6,43,66,5.4,0.0,0.5,0.0,0.0,3.0,168
coo,Sta.Cruz de Tenerife,Año,21.5,24.6,18.4,226,63,29.7,0.0,2.2,0.3,0.0,92.0,2913
coo,Tenerife Norte Aeropuerto,Enero,13.1,16.0,10.2,80,76,7.7,0.0,0.3,5.0,0.0,3.2,150
coo,Tenerife Norte Aeropuerto,Febrero,13.4,16.7,10.0,70,75,7.4,0.0,0.3,4.6,0.0,4.0,168
coo,Tenerife Norte Aeropuerto,Marzo,14.5,18.2,10.7,61,71,6.8,0.0,0.6,5.7,0.0,4.8,188
coo,Tenerife Norte Aeropuerto,Abril,14.7,18.5,10.9,39,74,6.2,0.0,0.1,6.2,0.0,2.5,202
coo,Tenerife Norte Aeropuerto,Mayo,16.1,20.1,12.0,19,72,3.8,0.0,0.0,5.8,0.0,3.0,234
coo,Tenerife Norte Aeropuerto,Junio,18.1,22.2,14.0,11,73,2.4,0.0,0.0,8.0,0.0,3.0,237
coo,Tenerife Norte Aeropuerto,Julio,20.2,24.7,15.7,6,69,1.7,0.0,0.0,10.7,0.0,5.7,262
coo,Tenerife Norte Aeropuerto,Agosto,21.2,25.7,16.6,5,69,1.1,0.0,0.1,9.5,0.0,5.6,269
coo,Tenerife Norte Aeropuerto,Septiembre,20.7,24.9,16.5,16,71,2.8,0.0,0.1,5.4,0.0,3.8,213
coo,Tenerife Norte Aeropuerto,Octubre,18.9,22.5,15.2,47,74,6.5,0.0,0.1,5.1,0.0,3.3,194
coo,Tenerife Norte Aeropuerto,Noviembre,16.5,19.6,13.3,81,75,8.3,0.0,0.4,5.3,0.0,3.1,155
coo,Tenerife Norte Aeropuerto,Diciembre,14.3,17.1,11.5,82,79,8.8,0.0,0.6,6.6,0.0,2.6,137
coo,Tenerife Norte Aeropuerto,Año,16.8,20.5,13.0,520,73,64.0,0.0,2.8,77.7,0.0,44.1,-
coo,Tenerife Sur Aeropuerto,Enero,18.4,21.7,15.2,17,62,1.8,0.0,0.2,0.1,0.0,8.3,193
coo,Tenerife Sur Aeropuerto,Febrero,18.5,22.0,15.0,20,64,2.2,0.0,0.2,0.0,0.0,8.9,195
coo,Tenerife Sur Aeropuerto,Marzo,19.3,23.1,15.6,15,63,1.9,0.0,0.4,0.1,0.0,9.2,226
coo,Tenerife Sur Aeropuerto,Abril,19.5,23.1,16.0,7,65,1.1,0.0,0.0,0.1,0.0,6.4,219
coo,Tenerife Sur Aeropuerto,Mayo,20.4,23.9,17.0,1,66,0.3,0.0,0.0,0.0,0.0,7.0,246
coo,Tenerife Sur Aeropuerto,Junio,22.1,25.4,18.8,0,68,0.0,0.0,0.0,0.0,0.0,10.3,259
coo,Tenerife Sur Aeropuerto,Julio,24.0,27.7,20.2,0,65,0.0,0.0,0.0,0.0,0.0,19.8,295
coo,Tenerife Sur Aeropuerto,Agosto,24.7,28.4,21.1,1,67,0.2,0.0,0.1,0.0,0.0,16.6,277
coo,Tenerife Sur Aeropuerto,Septiembre,24.5,27.9,21.1,4,68,0.6,0.0,0.1,0.0,0.0,9.2,213
coo,Tenerife Sur Aeropuerto,Octubre,23.4,26.8,20.0,12,67,1.6,0.0,0.0,0.0,0.0,6.9,214
coo,Tenerife Sur Aeropuerto,Noviembre,21.5,24.8,18.2,26,64,1.9,0.0,0.3,0.0,0.0,6.1,193
coo,Tenerife Sur Aeropuerto,Diciembre,19.7,22.8,16.5,30,66,3.5,0.0,0.3,0.0,0.0,6.3,195
coo,Tenerife Sur Aeropuerto,Año,21.4,24.8,17.9,132,66,15.2,0.0,1.5,0.3,0.0,114.0,-
can,Santander Aeropuerto,Enero,9.7,13.6,5.8,106,72,12.3,0.4,0.8,0.8,2.1,2.9,85
can,Santander Aeropuerto,Febrero,9.8,13.8,5.7,92,72,11.1,0.3,1.1,0.9,1.2,3.1,104
can,Santander Aeropuerto,Marzo,11.3,15.7,7.0,88,71,9.9,0.1,0.9,1.2,0.4,2.9,135
can,Santander Aeropuerto,Abril,12.4,16.6,8.3,102,72,11.9,0.0,1.3,0.7,0.0,2.4,149
can,Santander Aeropuerto,Mayo,15.1,19.1,11.1,78,74,10.4,0.0,1.6,1.7,0.0,2.4,172
can,Santander Aeropuerto,Junio,17.8,21.6,13.9,58,75,7.6,0.0,1.8,1.2,0.0,3.7,178
can,Santander Aeropuerto,Julio,19.8,23.6,16.0,52,75,7.3,0.0,2.0,0.5,0.0,4.5,187
can,Santander Aeropuerto,Agosto,20.3,24.2,16.4,73,76,7.6,0.0,1.4,0.8,0.0,3.8,180
can,Santander Aeropuerto,Septiembre,18.6,22.8,14.4,83,76,8.9,0.0,1.5,1.9,0.0,4.6,160
can,Santander Aeropuerto,Octubre,16.1,20.3,11.8,120,75,11.1,0.0,1.0,2.1,0.0,2.8,129
can,Santander Aeropuerto,Noviembre,12.5,16.3,8.7,157,75,13.3,0.0,1.3,0.9,0.4,3.2,93
can,Santander Aeropuerto,Diciembre,10.5,14.2,6.7,118,73,12.1,0.1,0.9,0.6,2.0,3.4,74
can,Santander Aeropuerto,Año,14.5,18.5,10.5,1129,74,123.6,0.9,15.7,13.4,6.2,38.9,1649
clm,Albacete Base Aérea,Enero,5.2,10.5,-0.2,21,77,4.1,0.9,0.1,6.2,16.5,7.3,153
clm,Albacete Base Aérea,Febrero,6.8,12.5,1.0,25,71,4.6,1.4,0.1,4.0,11.2,6.3,165
clm,Albacete Base Aérea,Marzo,9.8,16.3,3.3,27,63,4.7,0.6,0.5,2.3,4.9,6.7,217
clm,Albacete Base Aérea,Abril,11.9,18.4,5.4,40,60,5.9,0.2,1.6,1.2,1.2,5.8,241
clm,Albacete Base Aérea,Mayo,16.1,22.8,9.2,43,55,6.0,0.0,3.1,0.8,0.1,4.6,271
clm,Albacete Base Aérea,Junio,21.4,29.1,13.8,35,49,3.4,0.0,3.2,0.6,0.0,8.9,318
clm,Albacete Base Aérea,Julio,25.0,33.2,16.9,9,44,1.0,0.0,2.2,0.2,0.0,16.5,358
clm,Albacete Base Aérea,Agosto,24.6,32.3,16.8,11,49,1.5,0.0,2.9,0.7,0.0,13.4,324
clm,Albacete Base Aérea,Septiembre,20.3,27.0,13.5,34,59,3.7,0.0,3.5,2.2,0.0,7.0,253
clm,Albacete Base Aérea,Octubre,14.8,20.6,8.9,42,70,5.3,0.0,1.7,4.0,0.2,5.6,201
clm,Albacete Base Aérea,Noviembre,9.2,14.5,4.0,34,76,5.1,0.4,0.2,4.2,5.4,5.4,152
clm,Albacete Base Aérea,Diciembre,6.0,10.9,1.2,31,80,5.2,0.6,0.2,6.3,12.9,5.6,134
clm,Albacete Base Aérea,Año,14.3,20.7,7.8,353,63,50.4,4.3,19.0,32.5,52.3,94.5,-
clm,Ciudad Real,Enero,6.0,10.9,1.1,35,78,5.9,1.0,0.1,7.3,13.3,6.7,133
clm,Ciudad Real,Febrero,8.0,13.7,2.4,30,71,5.7,0.9,0.2,3.8,7.2,6.3,157
clm,Ciudad Real,Marzo,11.4,17.9,4.9,28,61,4.7,0.2,0.4,1.4,2.2,6.8,213
clm,Ciudad Real,Abril,13.4,19.7,7.1,48,59,7.8,0.1,1.3,0.7,0.2,4.8,226
clm,Ciudad Real,Mayo,17.5,24.1,10.9,41,55,6.3,0.0,3.1,0.4,0.0,4.2,260
clm,Ciudad Real,Junio,23.2,30.5,15.9,25,46,3.4,0.0,3.2,0.0,0.0,9.9,313
clm,Ciudad Real,Julio,26.7,34.5,18.9,6,40,0.8,0.0,1.4,0.0,0.0,17.6,352
clm,Ciudad Real,Agosto,26.1,33.7,18.6,5,43,1.0,0.0,1.7,0.0,0.0,15.1,323
clm,Ciudad Real,Septiembre,21.6,28.4,14.8,26,54,3.6,0.0,1.8,0.3,0.0,8.8,247
clm,Ciudad Real,Octubre,15.8,21.5,10.0,53,67,6.4,0.0,1.0,2.0,0.0,6.1,190
clm,Ciudad Real,Noviembre,10.1,15.1,5.1,45,76,6.4,0.0,0.2,4.2,2.9,5.0,135
clm,Ciudad Real,Diciembre,6.9,11.4,2.5,59,81,7.4,0.3,0.2,7.6,9.6,5.6,114
clm,Ciudad Real,Año,15.6,21.8,9.3,402,61,59.3,2.6,14.2,27.6,35.4,97.3,2664
clm,Cuenca,Enero,4.6,9.7,-0.5,40,73,6.5,2.3,0.0,2.7,17.8,9.3,154
clm,Cuenca,Febrero,5.9,11.5,0.2,38,67,5.9,2.0,0.0,1.2,13.7,7.5,162
clm,Cuenca,Marzo,8.8,15.1,2.5,35,60,5.5,1.1,0.3,0.7,6.8,6.8,211
clm,Cuenca,Abril,10.6,16.6,4.5,58,60,8.4,0.7,0.8,0.4,2.1,5.1,206
clm,Cuenca,Mayo,14.6,20.9,8.2,52,56,8.3,0.0,3.0,0.1,0.1,4.5,258
clm,Cuenca,Junio,20.1,27.3,12.8,41,48,4.6,0.0,4.1,0.0,0.0,-,309
clm,Cuenca,Julio,23.6,31.4,15.7,10,41,1.7,0.0,2.2,0.1,0.0,15.9,357
clm,Cuenca,Agosto,23.2,30.7,15.6,20,45,2.6,0.0,3.1,0.1,0.0,13.5,329
clm,Cuenca,Septiembre,18.8,25.6,11.9,42,55,4.8,0.0,2.5,0.1,0.0,8.3,246
clm,Cuenca,Octubre,13.4,19.2,7.7,60,67,7.9,0.1,0.8,0.9,0.4,7.2,188
clm,Cuenca,Noviembre,8.3,13.3,3.2,48,73,7.2,0.8,0.1,1.6,6.5,7.0,151
clm,Cuenca,Diciembre,5.4,10.1,0.7,58,76,8.0,1.3,0.1,2.2,14.6,8.2,136
clm,Cuenca,Año,13.1,19.3,6.9,501,60,71.2,8.6,17.0,10.1,62.2,-,-
clm,Guadalajara  El Serranillo,Enero,4.9,10.7,-1.0,35,-,6.1,0.9,0.0,2.6,20.8,-,-
clm,Guadalajara  El Serranillo,Febrero,6.3,13.0,-0.4,32,-,5.9,1.1,0.1,1.8,17.3,-,-
clm,Guadalajara  El Serranillo,Marzo,9.5,17.0,1.9,25,-,4.7,0.2,0.4,1.0,10.0,-,-
clm,Guadalajara  El Serranillo,Abril,11.1,18.4,3.8,50,-,8.0,0.3,1.4,0.3,4.1,-,-
clm,Guadalajara  El Serranillo,Mayo,15.5,23.5,7.5,53,-,7.3,0.0,3.6,0.1,0.4,-,-
clm,Guadalajara  El Serranillo,Junio,20.8,29.9,11.7,25,-,3.8,0.0,3.1,0.1,0.0,-,-
clm,Guadalajara  El Serranillo,Julio,23.7,33.5,13.7,12,-,1.8,0.0,2.4,0.0,0.0,-,-
clm,Guadalajara  El Serranillo,Agosto,-,-,-,-,-,-,-,-,-,-,-,-
clm,Guadalajara  El Serranillo,Septiembre,18.7,27.4,10.0,28,-,4.0,0.0,1.9,0.5,0.0,-,-
clm,Guadalajara  El Serranillo,Octubre,13.9,20.9,6.8,68,-,8.1,0.0,1.1,0.6,1.1,-,-
clm,Guadalajara  El Serranillo,Noviembre,8.3,14.7,1.9,42,-,5.7,0.1,0.1,1.8,11.5,-,-
clm,Guadalajara  El Serranillo,Diciembre,5.5,11.0,-0.1,46,-,6.3,0.7,0.0,2.7,18.0,-,-
clm,Guadalajara  El Serranillo,Año,-,-,-,-,-,-,-,-,-,-,-,-
clm,Molina de Aragón,Enero,2.5,8.6,-3.5,27,73,5.8,4.0,0.0,4.1,23.7,5.4,135
clm,Molina de Aragón,Febrero,3.7,10.6,-3.2,27,66,5.4,3.8,0.1,2.7,21.5,4.8,154
clm,Molina de Aragón,Marzo,6.6,14.4,-1.2,28,60,5.5,2.8,0.6,1.4,19.9,6.1,202
clm,Molina de Aragón,Abril,8.5,15.7,1.3,50,61,8.8,2.7,1.3,1.5,11.0,3.5,195
clm,Molina de Aragón,Mayo,12.5,20.0,5.0,66,59,9.3,0.5,4.2,1.6,2.2,3.0,222
clm,Molina de Aragón,Junio,17.1,25.6,8.6,48,53,6.4,0.0,5.7,1.1,0.1,5.9,271
clm,Molina de Aragón,Julio,20.2,29.7,10.6,22,47,2.9,0.0,4.1,0.4,0.0,10.3,327
clm,Molina de Aragón,Agosto,19.9,29.2,10.5,26,48,3.5,0.0,5.1,0.7,0.0,8.4,304
clm,Molina de Aragón,Septiembre,15.8,24.2,7.3,47,57,5.0,0.0,3.3,1.6,0.9,6.1,231
clm,Molina de Aragón,Octubre,10.9,18.0,3.9,50,67,7.9,0.1,1.2,3.7,5.7,3.9,174
clm,Molina de Aragón,Noviembre,5.9,12.0,-0.2,39,72,6.7,1.6,0.1,4.6,16.0,3.9,128
clm,Molina de Aragón,Diciembre,3.1,8.7,-2.4,36,75,6.8,2.7,0.1,4.8,21.0,4.6,112
clm,Molina de Aragón,Año,10.5,18.0,3.0,468,61,74.1,17.7,26.5,28.5,121.7,65.3,2440
clm,Toledo,Enero,6.4,11.5,1.3,26,76,4.9,0.6,0.1,7.5,12.7,7.0,151
clm,Toledo,Febrero,8.3,14.0,2.6,25,69,4.7,0.5,0.2,4.0,6.9,6.5,172
clm,Toledo,Marzo,11.6,18.1,5.0,23,59,3.9,0.3,0.3,1.3,2.3,7.4,228
clm,Toledo,Abril,13.5,19.9,7.2,39,58,6.4,0.1,1.0,0.9,0.3,5.6,249
clm,Toledo,Mayo,17.6,24.2,11.0,44,54,6.4,0.0,3.4,0.8,0.0,4.7,286
clm,Toledo,Junio,23.2,30.5,15.9,24,45,2.9,0.0,2.9,0.1,0.0,10.3,337
clm,Toledo,Julio,26.8,34.6,18.9,7,39,1.0,0.0,1.5,0.0,0.0,18.5,382
clm,Toledo,Agosto,26.3,34.0,18.6,9,41,1.5,0.0,2.1,0.0,0.0,15.1,351
clm,Toledo,Septiembre,22.0,29.0,14.9,18,51,2.9,0.0,1.8,0.4,0.0,9.5,260
clm,Toledo,Octubre,16.1,22.1,10.2,48,66,6.8,0.0,1.0,2.1,0.0,6.0,210
clm,Toledo,Noviembre,10.5,15.6,5.3,39,74,5.9,0.1,0.2,6.6,3.3,5.8,157
clm,Toledo,Diciembre,7.1,11.6,2.5,41,79,6.3,0.2,0.0,7.9,9.8,6.0,126
clm,Toledo,Año,15.8,22.1,9.5,342,59,53.8,1.8,14.3,31.8,35.5,101.5,2922
cle,Ávila,Enero,3.0,7.6,-1.6,34,78,5.9,4.5,0.1,4.5,20.1,5.4,133
cle,Ávila,Febrero,4.3,9.4,-0.8,24,72,5.0,4.3,0.1,2.3,16.4,5.1,154
cle,Ávila,Marzo,6.7,12.6,0.8,23,63,4.2,2.3,0.3,1.5,12.6,6.8,212
cle,Ávila,Abril,8.5,14.3,2.7,40,63,7.8,2.2,0.8,1.2,6.6,4.4,223
cle,Ávila,Mayo,12.5,18.5,6.4,55,59,9.0,0.4,2.1,1.0,1.7,3.4,253
cle,Ávila,Junio,17.4,24.6,10.2,33,51,4.7,0.0,2.6,0.6,0.1,7.9,312
cle,Ávila,Julio,20.6,28.5,12.6,12,43,1.9,0.0,1.9,0.3,0.0,15.0,353
cle,Ávila,Agosto,20.2,27.9,12.4,19,45,2.6,0.0,2.0,0.3,0.0,12.0,322
cle,Ávila,Septiembre,16.5,23.4,9.6,30,56,4.4,0.0,1.4,0.7,0.3,7.9,244
cle,Ávila,Octubre,11.4,16.9,5.9,53,69,7.6,0.1,0.4,1.3,1.7,4.9,182
cle,Ávila,Noviembre,6.4,11.2,1.7,48,78,7.1,1.9,0.1,3.4,11.5,4.3,131
cle,Ávila,Diciembre,4.0,8.4,-0.4,42,79,6.7,3.2,0.0,4.1,16.3,4.6,117
cle,Ávila,Año,11.0,17.0,5.0,416,63,66.9,20.2,11.7,22.1,87.5,-,-
cle,Burgos Aeropuerto,Enero,3.1,7.0,-0.8,44,85,7.5,4.7,0.1,6.8,18.0,2.7,86
cle,Burgos Aeropuerto,Febrero,4.1,9.0,-0.8,35,77,6.9,3.7,0.1,3.8,17.2,2.9,116
cle,Burgos Aeropuerto,Marzo,7.0,12.9,1.1,34,69,6.1,2.8,0.4,1.6,12.3,4.4,175
cle,Burgos Aeropuerto,Abril,8.6,14.4,2.7,61,69,9.2,1.9,1.5,1.1,6.6,2.8,185
cle,Burgos Aeropuerto,Mayo,12.2,18.4,5.9,63,67,9.3,0.3,4.0,1.5,1.1,2.9,226
cle,Burgos Aeropuerto,Junio,16.5,23.7,9.2,41,62,5.7,0.0,3.4,1.3,0.1,6.0,277
cle,Burgos Aeropuerto,Julio,19.5,27.6,11.5,23,57,3.6,0.0,3.3,0.8,0.0,10.5,320
cle,Burgos Aeropuerto,Agosto,19.5,27.5,11.5,23,58,3.4,0.0,3.0,1.3,0.0,8.2,292
cle,Burgos Aeropuerto,Septiembre,16.1,23.3,8.9,38,65,5.3,0.0,1.9,1.7,0.1,5.8,220
cle,Burgos Aeropuerto,Octubre,11.5,17.2,5.9,60,74,8.3,0.0,0.6,2.9,1.9,3.1,151
cle,Burgos Aeropuerto,Noviembre,6.6,10.9,2.1,60,82,8.7,1.7,0.1,4.6,9.7,2.8,99
cle,Burgos Aeropuerto,Diciembre,3.9,7.7,0.2,63,85,9.3,3.4,0.1,6.0,15.0,3.0,78
cle,Burgos Aeropuerto,Año,10.7,16.6,4.8,546,71,83.5,18.5,18.9,34.0,80.9,-,2223
cle,León  Virgen del Camino,Enero,3.2,7.1,-0.7,50,82,7.6,4.1,0.0,8.1,18.6,5.8,130
cle,León  Virgen del Camino,Febrero,4.7,9.5,0.0,34,74,6.0,3.1,0.1,2.8,15.0,5.8,161
cle,León  Virgen del Camino,Marzo,7.6,13.3,1.9,32,66,5.6,1.6,0.3,1.0,9.4,6.9,214
cle,León  Virgen del Camino,Abril,9.0,14.8,3.3,45,65,7.7,0.9,1.2,0.3,5.2,4.1,228
cle,León  Virgen del Camino,Mayo,12.6,18.6,6.6,56,62,8.8,0.1,3.9,0.6,0.7,3.6,259
cle,León  Virgen del Camino,Junio,17.1,24.0,10.2,31,56,4.6,0.0,2.9,0.2,0.0,7.3,314
cle,León  Virgen del Camino,Julio,19.8,27.4,12.2,19,52,2.8,0.0,3.0,0.1,0.0,12.3,358
cle,León  Virgen del Camino,Agosto,19.6,26.9,12.3,23,54,2.7,0.0,2.6,0.1,0.0,11.8,327
cle,León  Virgen del Camino,Septiembre,16.5,22.9,10.1,39,62,4.5,0.0,1.5,0.2,0.0,9.0,246
cle,León  Virgen del Camino,Octubre,11.7,16.7,6.7,61,74,8.2,0.0,0.4,1.7,0.7,4.9,178
cle,León  Virgen del Camino,Noviembre,7.0,11.2,2.8,59,80,7.5,0.8,0.0,4.8,7.3,5.4,137
cle,León  Virgen del Camino,Diciembre,4.2,8.0,0.4,66,83,8.7,2.2,0.1,7.9,14.6,6.3,120
cle,León  Virgen del Camino,Año,11.1,16.7,5.5,515,67,74.9,13.0,16.1,27.8,71.6,83.0,2673
cle,Ponferrada,Enero,4.9,8.7,1.1,67,82,8.8,1.6,0.1,5.6,12.9,5.6,-
cle,Ponferrada,Febrero,6.9,11.9,1.8,54,73,7.5,1.2,0.0,1.2,9.6,5.3,-
cle,Ponferrada,Marzo,10.0,15.9,4.0,46,65,7.7,0.4,0.2,0.4,4.1,7.0,-
cle,Ponferrada,Abril,11.6,17.6,5.7,50,64,9.1,0.3,0.4,0.2,1.0,4.6,-
cle,Ponferrada,Mayo,14.9,21.2,8.7,54,63,9.6,0.0,2.2,0.2,0.0,3.5,-
cle,Ponferrada,Junio,19.3,26.4,12.3,32,59,5.0,0.0,2.5,0.1,0.0,6.9,-
cle,Ponferrada,Julio,21.8,29.4,14.2,23,57,3.4,0.0,2.8,0.0,0.0,11.3,-
cle,Ponferrada,Agosto,21.4,29.0,13.8,25,57,3.7,0.0,2.5,0.0,0.0,10.7,-
cle,Ponferrada,Septiembre,18.2,24.9,11.5,49,63,5.9,0.0,1.5,0.4,0.0,8.9,-
cle,Ponferrada,Octubre,13.4,18.5,8.3,81,74,10.1,0.0,0.6,2.3,0.0,4.5,-
cle,Ponferrada,Noviembre,8.5,12.5,4.4,82,81,9.7,0.2,0.1,5.4,4.8,5.8,-
cle,Ponferrada,Diciembre,5.4,8.8,2.0,89,84,10.5,1.0,0.1,7.4,10.8,5.0,-
cle,Ponferrada,Año,13.0,18.7,7.3,652,69,91.1,4.6,13.0,23.2,43.2,-,-
cle,Salamanca Aeropuerto,Enero,4.0,8.6,-0.7,30,82,5.8,1.6,0.0,9.1,18.5,4.0,118
cle,Salamanca Aeropuerto,Febrero,5.5,11.2,-0.2,25,73,5.4,1.9,0.1,4.4,15.7,4.5,154
cle,Salamanca Aeropuerto,Marzo,8.3,14.9,1.7,21,63,4.7,0.8,0.4,2.0,10.2,6.4,211
cle,Salamanca Aeropuerto,Abril,10.1,16.5,3.8,38,62,7.4,0.8,0.9,1.6,3.9,4.1,224
cle,Salamanca Aeropuerto,Mayo,14.0,20.6,7.3,47,59,7.9,0.2,2.7,0.8,0.6,3.4,265
cle,Salamanca Aeropuerto,Junio,18.8,26.6,11.0,29,52,3.8,0.0,3.5,0.5,0.0,7.5,317
cle,Salamanca Aeropuerto,Julio,21.5,30.0,12.9,11,47,1.8,0.0,2.5,0.1,0.0,14.9,358
cle,Salamanca Aeropuerto,Agosto,21.1,29.5,12.6,12,51,1.9,0.0,2.1,0.1,0.0,12.1,330
cle,Salamanca Aeropuerto,Septiembre,17.6,25.1,10.0,32,59,4.2,0.0,2.1,1.1,0.0,7.3,251
cle,Salamanca Aeropuerto,Octubre,12.6,18.9,6.4,46,71,7.1,0.0,0.6,3.6,1.4,4.3,183
cle,Salamanca Aeropuerto,Noviembre,7.6,12.8,2.4,40,79,6.9,0.5,0.2,6.6,10.4,4.1,130
cle,Salamanca Aeropuerto,Diciembre,4.9,9.4,0.4,42,83,6.9,1.2,0.1,8.9,16.0,3.8,104
cle,Salamanca Aeropuerto,Año,12.2,18.7,5.6,372,65,63.8,6.8,15.1,38.9,76.8,77.2,2667
cle,Segovia,Enero,4.3,8.2,0.3,38,74,6.9,-,0.0,3.9,14.5,4.5,124
cle,Segovia,Febrero,5.8,10.4,1.1,31,66,6.0,3.1,0.0,2.0,10.0,4.8,152
cle,Segovia,Marzo,8.6,13.9,3.2,30,59,5.9,1.7,0.1,1.3,6.1,5.4,203
cle,Segovia,Abril,9.7,15.1,4.2,44,59,8.0,1.5,0.8,0.6,4.2,3.4,213
cle,Segovia,Mayo,14.0,19.7,8.2,66,57,10.1,0.2,3.7,0.7,0.5,3.3,250
cle,Segovia,Junio,19.0,25.8,12.1,43,48,4.8,0.0,4.2,0.6,0.0,6.9,314
cle,Segovia,Julio,22.2,29.7,14.6,17,39,2.7,0.0,2.6,0.2,0.0,12.5,358
cle,Segovia,Agosto,22.1,29.4,14.8,20,40,3.0,0.0,3.8,0.1,0.0,10.4,328
cle,Segovia,Septiembre,17.7,24.0,11.4,28,50,4.7,0.0,2.1,0.4,0.0,5.8,246
cle,Segovia,Octubre,13.0,18.0,7.9,59,63,8.9,0.1,0.6,1.0,0.7,4.0,177
cle,Segovia,Noviembre,7.6,11.8,3.4,52,72,8.6,1.6,0.0,2.7,5.8,3.9,126
cle,Segovia,Diciembre,5.1,8.8,1.3,46,75,8.2,2.2,0.0,4.1,11.7,3.6,110
cle,Segovia,Año,12.4,17.9,6.9,479,59,78.6,-,18.1,17.6,53.1,-,-
cle,Soria,Enero,3.2,7.7,-1.3,37,77,7.1,5.0,0.0,4.0,19.7,4.8,138
cle,Soria,Febrero,4.3,9.6,-1.0,36,71,6.4,5.1,0.1,1.9,17.1,4.6,158
cle,Soria,Marzo,7.1,13.2,1.0,30,63,5.8,3.0,0.3,1.0,12.0,5.1,202
cle,Soria,Abril,8.7,14.6,2.8,55,64,8.6,2.5,1.3,1.0,5.9,2.8,208
cle,Soria,Mayo,12.5,18.7,6.2,67,63,9.6,0.4,4.4,1.1,0.8,2.0,244
cle,Soria,Junio,17.2,24.6,9.9,40,56,5.6,0.1,4.4,0.6,0.1,4.7,293
cle,Soria,Julio,20.5,28.7,12.4,30,50,3.7,0.0,4.1,0.1,0.0,9.0,339
cle,Soria,Agosto,20.3,28.3,12.2,30,52,3.8,0.0,4.4,0.2,0.0,7.4,313
cle,Soria,Septiembre,16.4,23.6,9.3,33,60,5.2,0.0,2.9,0.9,0.1,5.4,233
cle,Soria,Octubre,11.6,17.4,5.8,55,70,7.7,0.1,0.7,2.1,1.5,3.6,180
cle,Soria,Noviembre,6.7,11.5,1.9,50,75,7.6,2.1,0.1,2.7,9.2,4.9,143
cle,Soria,Diciembre,4.0,8.4,-0.4,50,78,7.7,3.9,0.1,4.7,17.4,5.3,126
cle,Soria,Año,11.0,17.2,4.9,512,65,78.8,21.4,23.2,20.3,83.3,60.6,2571
cle,Valladolid,Enero,4.2,8.2,0.2,40,83,6.3,3.0,0.0,10.4,15.9,3.5,101
cle,Valladolid,Febrero,5.9,11.2,0.7,27,72,5.2,2.1,0.1,3.7,12.8,4.3,147
cle,Valladolid,Marzo,9.0,15.2,2.8,22,62,4.8,0.8,0.2,1.6,6.7,6.0,215
cle,Valladolid,Abril,10.7,16.9,4.6,46,62,7.8,0.8,1.4,0.9,2.3,3.9,232
cle,Valladolid,Mayo,14.5,21.0,7.9,49,60,7.9,0.0,3.6,0.9,0.3,3.5,272
cle,Valladolid,Junio,19.3,27.0,11.6,29,52,4.5,0.0,3.6,0.6,0.0,7.8,322
cle,Valladolid,Julio,22.3,30.7,14.0,13,45,2.1,0.0,2.9,0.3,0.0,14.1,363
cle,Valladolid,Agosto,22.1,30.1,14.1,16,48,2.3,0.0,2.6,0.2,0.0,11.8,334
cle,Valladolid,Septiembre,18.5,25.6,11.3,31,56,4.3,0.0,1.8,0.9,0.0,7.5,254
cle,Valladolid,Octubre,13.2,18.9,7.6,55,70,7.5,0.0,0.7,3.0,0.5,4.2,182
cle,Valladolid,Noviembre,7.9,12.4,3.5,52,79,7.1,0.7,0.1,7.1,5.8,3.5,117
cle,Valladolid,Diciembre,5.0,8.6,1.3,53,84,7.7,1.4,0.0,9.2,12.4,3.2,89
cle,Valladolid,Año,12.7,18.8,6.6,433,64,67.7,-,17.5,39.8,56.2,72.8,2624
cle,Valladolid Aeropuerto,Enero,3.3,7.5,-0.9,36,86,6.4,2.5,0.1,10.8,19.6,3.6,118
cle,Valladolid Aeropuerto,Febrero,4.9,10.3,-0.4,26,76,5.4,2.4,0.0,5.0,16.5,4.0,158
cle,Valladolid Aeropuerto,Marzo,7.8,14.0,1.5,23,66,4.9,0.6,0.1,2.8,11.0,6.6,205
cle,Valladolid Aeropuerto,Abril,9.3,15.5,3.0,43,66,7.6,0.8,1.2,1.5,6.3,4.4,227
cle,Valladolid Aeropuerto,Mayo,12.8,19.4,6.2,53,64,8.0,0.1,3.3,1.9,1.5,3.9,274
cle,Valladolid Aeropuerto,Junio,17.6,25.3,9.9,30,56,4.6,0.0,3.1,0.7,0.0,8.3,323
cle,Valladolid Aeropuerto,Julio,20.6,29.1,12.1,15,48,2.2,0.0,2.6,0.3,0.0,13.7,368
cle,Valladolid Aeropuerto,Agosto,20.5,28.6,12.4,21,51,2.6,0.0,2.4,0.4,0.0,11.9,342
cle,Valladolid Aeropuerto,Septiembre,17.2,24.4,10.1,32,60,4.5,0.0,1.7,1.2,0.0,8.0,242
cle,Valladolid Aeropuerto,Octubre,12.2,17.9,6.5,52,74,7.5,0.0,0.6,3.8,1.1,4.7,191
cle,Valladolid Aeropuerto,Noviembre,7.1,11.8,2.3,51,83,7.2,0.9,0.1,7.4,9.1,3.3,133
cle,Valladolid Aeropuerto,Diciembre,4.1,8.2,0.1,53,87,7.7,1.2,0.1,9.4,15.6,4.0,103
cle,Valladolid Aeropuerto,Año,11.5,17.6,5.2,435,68,68.5,9.0,15.2,45.2,80.6,76.3,-
cle,Zamora,Enero,4.6,8.3,0.9,32,82,6.1,1.1,0.1,9.1,14.4,4.7,97
cle,Zamora,Febrero,6.4,11.4,1.3,25,73,5.1,1.2,0.0,3.3,11.2,5.2,144
cle,Zamora,Marzo,9.5,15.5,3.5,22,63,5.0,0.2,0.2,1.0,5.0,6.0,201
cle,Zamora,Abril,11.2,17.1,5.3,39,62,7.2,0.2,0.6,0.4,1.2,5.2,224
cle,Zamora,Mayo,15.0,21.2,8.7,43,58,7.4,0.0,2.8,0.2,0.0,5.0,264
cle,Zamora,Junio,19.8,27.0,12.6,23,51,3.8,0.0,2.0,0.1,0.0,9.6,318
cle,Zamora,Julio,22.7,30.4,14.9,12,47,2.0,0.0,2.0,0.0,0.0,15.0,354
cle,Zamora,Agosto,22.3,29.8,14.8,13,50,2.4,0.0,2.0,0.0,0.0,13.9,322
cle,Zamora,Septiembre,18.8,25.5,12.0,28,57,4.2,0.0,1.4,0.3,0.0,9.7,241
cle,Zamora,Octubre,13.6,19.0,8.3,50,69,6.9,0.0,0.4,2.3,0.1,5.0,175
cle,Zamora,Noviembre,8.4,12.7,4.1,45,78,7.1,0.2,0.1,5.9,5.2,5.3,113
cle,Zamora,Diciembre,5.5,9.2,1.8,46,82,7.0,0.8,0.1,7.0,11.0,4.9,87
cle,Zamora,Año,13.1,18.9,7.4,379,64,64.2,3.4,11.7,29.6,48.3,-,2532
cat,Barcelona  Fabra,Enero,8.2,11.1,5.3,50,69,4.8,0.5,0.4,4.5,1.8,6.5,166
cat,Barcelona  Fabra,Febrero,9.1,12.5,5.7,43,69,4.3,0.7,0.5,3.9,1.6,5.2,175
cat,Barcelona  Fabra,Marzo,11.4,15.2,7.6,44,69,5.1,0.3,0.5,5.0,0.4,5.3,188
cat,Barcelona  Fabra,Abril,13.2,17.2,9.1,53,68,5.8,0.0,1.3,4.2,0.0,3.9,211
cat,Barcelona  Fabra,Mayo,16.8,21.0,12.5,58,68,5.7,0.0,1.8,4.3,0.0,3.7,248
cat,Barcelona  Fabra,Junio,20.8,25.2,16.4,30,67,3.5,0.0,1.6,2.4,0.0,5.6,270
cat,Barcelona  Fabra,Julio,23.8,28.4,19.3,24,66,1.9,0.0,1.2,1.6,0.0,9.1,304
cat,Barcelona  Fabra,Agosto,23.9,28.3,19.5,41,70,4.3,0.0,2.9,1.9,0.0,5.6,262
cat,Barcelona  Fabra,Septiembre,20.7,24.6,16.7,75,74,5.5,0.0,3.2,2.6,0.0,3.8,190
cat,Barcelona  Fabra,Octubre,16.8,20.1,13.4,91,75,6.5,0.0,1.8,5.2,0.0,3.4,178
cat,Barcelona  Fabra,Noviembre,11.8,14.7,8.8,66,71,5.1,0.1,0.9,4.3,0.2,5.1,158
cat,Barcelona  Fabra,Diciembre,9.1,11.8,6.4,46,69,4.6,0.2,0.4,3.6,0.8,6.4,156
cat,Barcelona  Fabra,Año,15.5,19.2,11.7,621,70,57.1,2.0,16.6,43.7,4.9,64.5,-
cat,Barcelona Aeropuerto,Enero,9.2,13.6,4.7,37,70,3.7,0.1,0.3,0.4,1.4,7.5,151
cat,Barcelona Aeropuerto,Febrero,9.9,14.3,5.4,35,70,4.0,0.2,0.4,1.2,1.2,4.8,163
cat,Barcelona Aeropuerto,Marzo,11.8,16.1,7.4,36,70,4.5,0.1,0.8,1.7,0.3,5.3,206
cat,Barcelona Aeropuerto,Abril,13.7,18.0,9.4,40,69,5.1,0.0,1.3,1.4,0.0,4.0,228
cat,Barcelona Aeropuerto,Mayo,16.9,21.1,12.8,47,70,4.7,0.0,1.7,1.2,0.0,4.3,250
cat,Barcelona Aeropuerto,Junio,20.9,24.9,16.8,30,68,3.6,0.0,1.5,0.5,0.0,6.8,266
cat,Barcelona Aeropuerto,Julio,23.9,28.0,19.8,21,67,1.8,0.0,1.3,0.3,0.0,10.2,305
cat,Barcelona Aeropuerto,Agosto,24.4,28.5,20.2,62,68,4.5,0.0,3.5,0.3,0.0,6.8,278
cat,Barcelona Aeropuerto,Septiembre,21.7,26.0,17.4,81,70,5.2,0.0,3.5,0.9,0.0,4.3,-
cat,Barcelona Aeropuerto,Octubre,17.8,22.1,13.5,91,73,6.3,0.0,2.8,0.7,0.0,3.8,182
cat,Barcelona Aeropuerto,Noviembre,13.0,17.3,8.6,59,71,5.1,0.1,1.2,0.7,0.3,5.5,145
cat,Barcelona Aeropuerto,Diciembre,10.0,14.3,5.7,40,69,4.4,0.0,0.4,0.2,1.0,7.0,141
cat,Barcelona Aeropuerto,Año,16.1,20.3,11.8,588,69,53.3,0.4,19.9,9.4,3.8,70.4,-
cat,Girona Aeropuerto,Enero,7.1,13.1,1.1,62,75,4.9,0.3,0.3,4.7,13.3,9.4,147
cat,Girona Aeropuerto,Febrero,7.9,14.1,1.7,51,73,4.9,0.3,0.4,5.0,10.1,7.0,156
cat,Girona Aeropuerto,Marzo,10.4,16.7,4.1,50,70,5.1,0.0,0.9,4.9,3.9,6.6,179
cat,Girona Aeropuerto,Abril,12.5,18.8,6.2,67,69,7.1,0.0,1.6,3.3,0.7,4.5,194
cat,Girona Aeropuerto,Mayo,16.3,22.4,10.1,71,68,7.3,0.0,2.8,4.0,0.0,4.1,224
cat,Girona Aeropuerto,Junio,20.4,26.6,14.3,60,63,5.1,0.0,2.4,2.6,0.0,6.9,247
cat,Girona Aeropuerto,Julio,23.6,30.1,17.1,32,59,3.2,0.0,3.0,1.5,0.0,11.6,285
cat,Girona Aeropuerto,Agosto,23.4,29.8,17.0,46,65,5.1,0.0,4.9,2.0,0.0,8.2,261
cat,Girona Aeropuerto,Septiembre,20.1,26.1,14.1,70,70,6.5,0.0,3.8,4.7,0.0,5.3,195
cat,Girona Aeropuerto,Octubre,16.2,21.8,10.5,88,75,6.4,0.0,2.3,5.4,0.1,5.0,167
cat,Girona Aeropuerto,Noviembre,10.9,16.6,5.2,70,76,5.2,0.0,0.7,4.0,3.8,6.7,143
cat,Girona Aeropuerto,Diciembre,7.8,13.6,2.0,56,76,4.7,0.1,0.4,4.6,11.1,9.0,132
cat,Girona Aeropuerto,Año,14.7,20.8,8.6,728,71,65.8,0.7,23.9,48.0,41.3,84.4,-
cat,Lleida,Enero,5.5,10.0,0.9,26,81,4.2,0.6,0.1,12.0,13.1,5.5,116
cat,Lleida,Febrero,7.7,13.8,1.6,15,71,2.6,0.2,0.1,6.8,10.0,7.8,162
cat,Lleida,Marzo,11.3,18.3,4.2,21,62,3.5,0.2,0.3,2.8,3.8,9.7,226
cat,Lleida,Abril,13.7,20.7,6.7,39,59,5.4,0.0,1.6,1.0,0.2,7.1,248
cat,Lleida,Mayo,17.9,25.0,10.8,42,58,5.5,0.0,3.5,0.9,0.0,6.3,282
cat,Lleida,Junio,22.3,29.8,14.7,27,53,3.5,0.0,3.0,0.3,0.0,10.4,321
cat,Lleida,Julio,25.2,33.0,17.4,12,52,1.8,0.0,2.8,0.2,0.0,15.6,356
cat,Lleida,Agosto,24.9,32.4,17.4,18,56,2.4,0.0,3.5,0.4,0.0,12.7,319
cat,Lleida,Septiembre,20.9,27.8,13.9,41,63,3.8,0.0,2.8,1.1,0.0,9.7,256
cat,Lleida,Octubre,15.9,22.0,9.7,43,73,4.8,0.0,1.4,4.4,0.1,6.6,195
cat,Lleida,Noviembre,9.7,14.9,4.4,30,80,4.4,0.0,0.2,9.3,4.7,5.9,135
cat,Lleida,Diciembre,5.7,9.8,1.5,24,84,4.1,0.2,0.1,13.6,11.6,5.2,96
cat,Lleida,Año,15.0,21.5,8.6,342,66,46.2,1.2,19.5,52.9,41.6,102.9,-
cat,Reus Aeropuerto,Enero,9.0,14.1,3.9,29,70,4.0,0.2,0.2,0.3,5.7,7.2,157
cat,Reus Aeropuerto,Febrero,9.7,14.9,4.5,28,68,3.5,0.1,0.1,1.3,2.9,5.4,162
cat,Reus Aeropuerto,Marzo,11.9,17.1,6.6,28,67,3.8,0.1,0.3,1.9,0.8,6.0,197
cat,Reus Aeropuerto,Abril,13.8,19.0,8.6,37,66,5.0,0.0,0.5,0.8,0.0,3.9,222
cat,Reus Aeropuerto,Mayo,17.2,22.2,12.1,54,66,5.4,0.0,1.5,0.4,0.0,4.2,251
cat,Reus Aeropuerto,Junio,21.2,26.3,16.1,25,63,3.1,0.0,1.4,0.2,0.0,6.3,274
cat,Reus Aeropuerto,Julio,24.2,29.3,19.1,15,63,2.0,0.0,1.3,0.1,0.0,9.4,306
cat,Reus Aeropuerto,Agosto,24.6,29.4,19.7,42,66,3.6,0.0,2.6,0.2,0.0,6.2,265
cat,Reus Aeropuerto,Septiembre,21.5,26.3,16.6,77,70,5.1,0.0,3.1,0.2,0.0,4.8,209
cat,Reus Aeropuerto,Octubre,17.5,22.3,12.7,75,73,6.0,0.0,1.9,0.4,0.0,3.9,182
cat,Reus Aeropuerto,Noviembre,12.6,17.5,7.6,53,72,4.4,0.0,0.6,0.3,1.3,5.4,157
cat,Reus Aeropuerto,Diciembre,9.7,14.6,4.7,36,72,4.1,0.0,0.3,0.7,3.6,5.7,145
cat,Reus Aeropuerto,Año,16.1,21.1,11.1,500,68,49.8,0.4,13.9,6.7,12.5,68.3,-
cat,Tortosa,Enero,10.1,14.6,5.6,33,65,4.3,0.2,0.3,2.0,1.4,5.2,163
cat,Tortosa,Febrero,11.2,16.4,6.0,28,63,3.7,0.2,0.4,3.2,0.6,4.0,167
cat,Tortosa,Marzo,13.8,19.5,8.1,30,60,3.3,0.0,0.8,3.5,0.1,4.8,211
cat,Tortosa,Abril,15.8,21.5,10.1,48,59,5.1,0.0,2.4,2.8,0.0,3.1,230
cat,Tortosa,Mayo,19.2,24.9,13.4,58,60,6.0,0.0,4.0,1.5,0.0,3.0,256
cat,Tortosa,Junio,23.4,29.4,17.5,25,58,3.4,0.0,4.3,0.6,0.0,5.1,292
cat,Tortosa,Julio,26.3,32.2,20.3,15,57,2.0,0.0,3.7,0.6,0.0,8.4,329
cat,Tortosa,Agosto,26.5,32.3,20.6,33,60,3.3,0.0,5.1,0.5,0.0,5.8,283
cat,Tortosa,Septiembre,23.2,28.8,17.5,59,64,4.6,0.0,4.5,1.5,0.0,4.3,225
cat,Tortosa,Octubre,18.8,24.0,13.6,78,68,5.7,0.0,2.5,3.2,0.0,2.9,192
cat,Tortosa,Noviembre,13.9,18.4,9.3,60,67,4.6,0.0,1.0,2.6,0.2,3.6,162
cat,Tortosa,Diciembre,10.6,14.9,6.3,41,67,4.3,0.1,0.4,2.1,1.1,4.7,154
cat,Tortosa,Año,17.7,23.1,12.4,508,62,50.3,0.6,29.5,24.1,3.4,55.5,2662
ceu,Ceuta,Enero,13.4,15.8,11.0,122,72,8.0,-,-,-,0.0,-,-
ceu,Ceuta,Febrero,13.7,15.9,11.4,145,75,9.0,-,-,-,0.0,-,-
ceu,Ceuta,Marzo,14.8,17.4,12.2,90,68,6.0,-,-,-,0.0,-,-
ceu,Ceuta,Abril,16.4,19.1,13.6,57,71,6.0,-,-,-,0.0,-,-
ceu,Ceuta,Mayo,18.8,21.9,15.7,21,66,4.0,-,-,-,0.0,-,-
ceu,Ceuta,Junio,22.3,25.7,18.8,3,67,1.0,-,-,-,0.0,-,-
ceu,Ceuta,Julio,24.9,28.9,20.9,1,61,0.0,-,-,-,0.0,-,-
ceu,Ceuta,Agosto,25.0,28.5,21.5,3,70,0.0,-,-,-,0.0,-,-
ceu,Ceuta,Septiembre,22.8,25.8,19.8,37,72,2.0,-,-,-,0.0,-,-
ceu,Ceuta,Octubre,20.2,22.8,17.5,82,75,7.0,-,-,-,0.0,-,-
ceu,Ceuta,Noviembre,16.4,18.8,14.0,127,73,7.0,-,-,-,0.0,-,-
ceu,Ceuta,Diciembre,14.3,16.4,12.1,161,73,10.0,-,-,-,0.0,-,-
ceu,Ceuta,Año,-,-,-,-,-,-,-,-,-,-,-,-
mel,Melilla,Enero,13.3,16.7,9.9,58,72,6.3,0.1,1.4,0.2,0.0,6.3,184
mel,Melilla,Febrero,13.8,17.0,10.6,57,74,5.5,0.0,1.4,0.6,0.0,4.7,170
mel,Melilla,Marzo,15.2,18.5,11.9,44,73,4.6,0.0,1.1,1.1,0.0,5.6,192
mel,Melilla,Abril,16.6,20.1,13.2,36,69,4.6,0.0,1.1,0.5,0.0,5.7,220
mel,Melilla,Mayo,19.1,22.5,15.7,20,67,2.8,0.0,0.9,0.2,0.0,5.4,258
mel,Melilla,Junio,22.4,25.8,19.0,7,67,0.7,0.0,1.0,0.4,0.0,9.4,279
mel,Melilla,Julio,25.3,28.9,21.7,1,66,0.3,0.0,0.8,0.3,0.0,11.5,289
mel,Melilla,Agosto,25.9,29.4,22.4,4,69,0.8,0.0,1.1,0.2,0.0,10.3,268
mel,Melilla,Septiembre,23.8,27.1,20.5,16,72,2.2,0.0,1.6,0.1,0.0,5.7,210
mel,Melilla,Octubre,20.4,23.7,17.2,40,75,3.9,0.0,1.2,0.5,0.0,4.6,194
mel,Melilla,Noviembre,17.0,20.3,13.7,57,74,5.8,0.0,1.3,0.3,0.0,4.1,176
mel,Melilla,Diciembre,14.6,17.8,11.2,50,73,5.7,0.0,0.9,0.3,0.0,5.1,168
mel,Melilla,Año,18.9,22.3,15.6,391,71,43.7,0.1,13.5,4.7,0.0,77.7,2607
mad,Colmenar Viejo,Enero,4.8,8.0,1.6,52,77,5.7,3.1,0.0,8.1,9.2,-,140
mad,Colmenar Viejo,Febrero,6.3,10.0,2.5,41,70,5.3,3.0,0.1,5.0,6.7,-,165
mad,Colmenar Viejo,Marzo,9.3,13.9,4.7,36,61,5.0,1.4,0.4,3.1,3.0,-,201
mad,Colmenar Viejo,Abril,10.5,15.2,5.7,52,60,6.7,0.7,1.0,3.0,1.5,-,218
mad,Colmenar Viejo,Mayo,14.8,20.0,9.6,57,58,7.6,0.0,2.4,1.6,0.1,-,-
mad,Colmenar Viejo,Junio,20.1,26.0,14.1,28,48,3.5,0.0,2.7,0.5,0.0,-,-
mad,Colmenar Viejo,Julio,23.8,30.0,17.4,14,40,1.9,0.0,2.1,0.4,0.0,-,356
mad,Colmenar Viejo,Agosto,23.6,29.7,17.6,16,42,1.8,0.0,2.4,0.3,0.0,13.1,317
mad,Colmenar Viejo,Septiembre,19.0,24.3,13.8,36,54,4.0,0.0,2.1,2.0,0.0,7.1,233
mad,Colmenar Viejo,Octubre,13.4,17.4,9.4,76,70,7.4,0.0,0.8,5.2,0.0,-,-
mad,Colmenar Viejo,Noviembre,8.3,11.7,4.9,78,75,7.2,0.8,0.1,6.2,2.2,-,150
mad,Colmenar Viejo,Diciembre,5.6,8.7,2.5,68,78,7.5,1.9,0.1,9.8,6.6,-,-
mad,Colmenar Viejo,Año,13.3,17.9,8.6,537,61,62.5,11.4,14.7,46.0,29.2,-,-
mad,Getafe,Enero,5.9,10.5,1.2,30,76,5.5,1.0,0.0,6.2,12.9,7.4,150
mad,Getafe,Febrero,7.5,12.7,2.4,32,68,5.1,1.1,0.2,3.0,6.5,6.2,172
mad,Getafe,Marzo,10.8,16.8,4.9,24,58,4.1,0.3,0.5,1.0,2.5,7.0,222
mad,Getafe,Abril,12.7,18.6,6.9,38,56,6.5,0.1,1.4,0.4,0.4,5.2,237
mad,Getafe,Mayo,16.8,23.0,10.5,39,52,6.3,0.0,3.8,0.5,0.1,4.4,279
mad,Getafe,Junio,22.4,29.3,15.6,19,42,2.9,0.0,3.2,0.1,0.0,8.5,326
mad,Getafe,Julio,25.9,33.2,18.5,9,35,1.4,0.0,2.2,0.0,0.0,17.2,368
mad,Getafe,Agosto,25.4,32.5,18.2,9,38,1.7,0.0,2.2,0.0,0.0,14.3,339
mad,Getafe,Septiembre,21.1,27.5,14.6,22,48,2.9,0.0,2.0,0.5,0.0,7.9,256
mad,Getafe,Octubre,15.3,20.6,9.9,50,64,6.6,0.0,1.2,1.5,0.0,5.3,202
mad,Getafe,Noviembre,9.8,14.5,5.0,48,73,6.1,0.0,0.1,3.7,2.9,6.2,152
mad,Getafe,Diciembre,6.5,10.7,2.4,45,79,6.6,0.6,0.1,6.3,9.7,5.5,124
mad,Getafe,Año,15.0,20.8,9.2,365,57,55.6,3.2,17.0,23.2,35.0,95.1,2850
mad,Madrid  Cuatro Vientos,Enero,6.0,10.4,1.6,34,75,5.6,1.3,0.0,6.0,10.1,7.7,158
mad,Madrid  Cuatro Vientos,Febrero,7.6,12.5,2.7,35,67,5.3,1.4,0.1,3.1,5.4,5.9,173
mad,Madrid  Cuatro Vientos,Marzo,10.8,16.5,5.1,25,57,4.2,0.4,0.4,0.9,1.9,7.1,221
mad,Madrid  Cuatro Vientos,Abril,12.6,18.3,6.8,43,56,6.7,0.3,1.6,0.6,0.3,4.9,238
mad,Madrid  Cuatro Vientos,Mayo,16.5,22.6,10.4,50,53,7.2,0.0,3.5,0.2,0.1,4.3,280
mad,Madrid  Cuatro Vientos,Junio,22.2,28.9,15.4,24,43,3.2,0.0,2.8,0.1,0.0,8.9,316
mad,Madrid  Cuatro Vientos,Julio,25.6,32.8,18.3,12,36,1.6,0.0,2.6,0.0,0.0,17.0,364
mad,Madrid  Cuatro Vientos,Agosto,25.1,32.2,18.1,11,39,1.4,0.0,1.7,0.0,0.0,13.3,335
mad,Madrid  Cuatro Vientos,Septiembre,21.0,27.3,14.6,24,49,3.2,0.0,2.0,0.3,0.0,7.7,250
mad,Madrid  Cuatro Vientos,Octubre,15.2,20.4,9.9,60,65,6.9,0.0,1.1,1.3,0.0,6.4,203
mad,Madrid  Cuatro Vientos,Noviembre,9.8,14.3,5.4,57,73,6.7,0.1,0.2,3.4,2.1,6.3,161
mad,Madrid  Cuatro Vientos,Diciembre,6.7,10.7,2.7,53,77,6.8,0.9,0.1,5.5,7.3,6.0,135
mad,Madrid  Cuatro Vientos,Año,14.9,20.6,9.3,428,58,58.8,4.5,16.2,21.4,27.3,94.7,2838
mad,Madrid  Retiro,Enero,6.3,9.8,2.7,33,71,5.7,1.0,0.1,3.5,6.2,7.8,149
mad,Madrid  Retiro,Febrero,7.9,12.0,3.7,34,65,5.2,1.3,0.1,2.2,3.0,6.9,158
mad,Madrid  Retiro,Marzo,11.2,16.3,6.2,25,55,4.1,0.2,0.5,0.9,1.0,7.5,211
mad,Madrid  Retiro,Abril,12.9,18.2,7.7,45,56,6.7,0.3,1.3,0.4,0.1,5.4,230
mad,Madrid  Retiro,Mayo,16.7,22.2,11.3,50,53,7.3,0.0,2.9,0.1,0.0,4.6,268
mad,Madrid  Retiro,Junio,22.2,28.2,16.1,21,44,3.4,0.0,2.8,0.0,0.0,9.4,315
mad,Madrid  Retiro,Julio,25.6,32.1,19.0,12,38,1.7,0.0,2.0,0.0,0.0,17.5,355
mad,Madrid  Retiro,Agosto,25.1,31.3,18.8,10,41,1.7,0.0,1.6,0.0,0.0,13.6,332
mad,Madrid  Retiro,Septiembre,20.9,26.4,15.4,22,50,3.3,0.0,1.8,0.2,0.0,8.1,259
mad,Madrid  Retiro,Octubre,15.1,19.4,10.7,60,64,6.9,0.0,1.0,0.8,0.0,6.3,-
mad,Madrid  Retiro,Noviembre,9.9,13.5,6.3,58,71,6.5,0.1,0.1,2.3,0.9,7.1,144
mad,Madrid  Retiro,Diciembre,6.9,10.0,3.6,51,74,6.8,0.6,0.1,4.6,4.5,6.9,124
mad,Madrid  Retiro,Año,15.0,19.9,10.1,421,57,59.4,3.6,14.3,15.1,15.7,100.4,-
mad,Madrid Aeropuerto,Enero,5.5,10.7,0.2,29,74,5.2,0.7,0.0,4.1,16.2,7.9,144
mad,Madrid Aeropuerto,Febrero,7.1,13.0,1.2,32,67,4.7,0.9,0.2,2.0,11.5,6.5,168
mad,Madrid Aeropuerto,Marzo,10.2,17.0,3.5,22,58,3.5,0.3,0.4,0.6,4.7,7.8,224
mad,Madrid Aeropuerto,Abril,12.2,18.7,5.7,38,56,6.4,0.1,1.2,0.3,0.9,5.0,226
mad,Madrid Aeropuerto,Mayo,16.2,23.1,9.3,44,52,6.8,0.0,2.9,0.3,0.1,5.2,258
mad,Madrid Aeropuerto,Junio,21.7,29.5,13.9,22,42,3.6,0.0,2.7,0.1,0.0,8.9,310
mad,Madrid Aeropuerto,Julio,25.2,33.5,16.8,9,35,1.5,0.0,2.2,0.0,0.0,16.8,354
mad,Madrid Aeropuerto,Agosto,24.7,32.8,16.5,10,37,1.5,0.0,1.5,0.0,0.0,13.5,329
mad,Madrid Aeropuerto,Septiembre,20.5,27.9,13.1,24,48,2.9,0.0,1.7,0.4,0.0,8.0,258
mad,Madrid Aeropuerto,Octubre,14.8,21.0,8.7,51,63,6.6,0.0,0.9,1.0,0.2,6.1,199
mad,Madrid Aeropuerto,Noviembre,9.4,14.8,4.1,49,72,6.2,0.0,0.2,2.3,5.4,6.8,151
mad,Madrid Aeropuerto,Diciembre,6.2,10.9,1.4,42,76,6.3,0.6,0.1,5.6,12.8,6.4,128
mad,Madrid Aeropuerto,Año,14.5,21.1,7.9,371,57,55.1,2.6,14.0,16.8,51.8,98.3,-
mad,Puerto de Navacerrada,Enero,-0.4,2.3,-3.2,124,80,11.5,12.4,0.1,12.6,25.6,6.2,109
mad,Puerto de Navacerrada,Febrero,0.1,3.0,-2.9,96,79,9.9,11.7,0.0,9.5,22.0,5.4,114
mad,Puerto de Navacerrada,Marzo,2.3,5.8,-1.1,84,74,9.2,9.4,0.4,8.7,19.0,5.7,162
mad,Puerto de Navacerrada,Abril,3.4,7.0,-0.3,127,77,12.2,10.9,1.2,9.2,17.1,3.8,166
mad,Puerto de Navacerrada,Mayo,7.4,11.5,3.2,124,72,12.4,4.6,3.7,7.8,7.5,3.2,215
mad,Puerto de Navacerrada,Junio,13.2,18.0,8.3,64,59,6.6,0.6,4.2,3.6,0.8,7.0,289
mad,Puerto de Navacerrada,Julio,17.0,22.4,11.5,23,47,3.2,0.0,2.9,2.4,0.0,14.6,348
mad,Puerto de Navacerrada,Agosto,16.8,22.2,11.5,26,49,3.5,0.0,3.4,2.1,0.0,10.9,321
mad,Puerto de Navacerrada,Septiembre,12.7,17.2,8.2,60,63,6.5,0.4,2.6,5.5,0.9,6.9,211
mad,Puerto de Navacerrada,Octubre,7.3,10.6,3.9,156,79,11.5,2.6,0.6,9.1,4.9,5.2,146
mad,Puerto de Navacerrada,Noviembre,2.8,5.6,0.1,176,83,12.2,7.7,0.2,11.9,15.4,5.4,103
mad,Puerto de Navacerrada,Diciembre,0.7,3.3,-2.0,163,81,12.6,10.7,0.1,12.6,22.9,6.1,92
mad,Puerto de Navacerrada,Año,6.9,10.7,3.1,1223,70,111.3,71.0,19.4,95.0,136.1,81.7,2268
mad,Torrejón de Ardoz,Enero,5.6,10.8,0.5,29,77,5.1,0.7,0.0,2.7,15.3,7.5,149
mad,Torrejón de Ardoz,Febrero,7.3,13.1,1.4,31,70,4.6,0.8,0.2,1.5,10.5,6.3,163
mad,Torrejón de Ardoz,Marzo,10.5,17.1,3.8,23,60,3.8,0.2,0.5,0.8,4.0,5.3,202
mad,Torrejón de Ardoz,Abril,12.4,18.8,5.9,40,59,6.6,0.0,1.5,0.4,0.7,4.1,216
mad,Torrejón de Ardoz,Mayo,16.4,23.2,9.6,48,55,7.0,0.0,3.8,0.4,0.0,3.9,268
mad,Torrejón de Ardoz,Junio,21.9,29.6,14.1,19,44,3.1,0.0,2.9,0.0,0.0,9.6,320
mad,Torrejón de Ardoz,Julio,25.2,33.3,17.1,13,38,1.6,0.0,2.1,0.0,0.0,16.1,359
mad,Torrejón de Ardoz,Agosto,24.8,32.7,16.9,9,39,1.6,0.0,2.2,0.0,0.0,13.9,332
mad,Torrejón de Ardoz,Septiembre,20.6,27.8,13.4,25,50,3.5,0.0,1.6,0.1,0.0,8.2,241
mad,Torrejón de Ardoz,Octubre,15.0,21.0,9.0,50,65,6.6,0.0,1.0,0.8,0.0,6.3,189
mad,Torrejón de Ardoz,Noviembre,9.6,14.8,4.3,49,74,6.2,0.0,0.1,2.0,4.0,6.0,149
mad,Torrejón de Ardoz,Diciembre,6.4,11.0,1.7,42,79,6.5,0.5,0.0,4.5,11.5,6.8,124
mad,Torrejón de Ardoz,Año,14.7,21.1,8.2,385,59,56.0,2.5,16.5,13.1,45.7,-,-
nav,Pamplona Aeropuerto,Enero,5.2,9.1,1.4,57,78,8.7,2.0,0.2,3.8,11.2,3.1,93
nav,Pamplona Aeropuerto,Febrero,6.3,10.9,1.6,50,72,8.0,2.6,0.3,1.6,10.1,3.7,125
nav,Pamplona Aeropuerto,Marzo,9.1,14.6,3.7,54,66,7.7,1.4,0.9,0.6,4.5,4.4,177
nav,Pamplona Aeropuerto,Abril,10.9,16.4,5.3,74,65,9.7,0.8,2.2,0.4,1.2,3.5,185
nav,Pamplona Aeropuerto,Mayo,14.7,20.8,8.6,60,63,9.2,0.0,4.2,0.5,0.0,3.4,228
nav,Pamplona Aeropuerto,Junio,18.6,25.2,11.9,46,59,5.8,0.0,3.9,0.2,0.0,5.7,268
nav,Pamplona Aeropuerto,Julio,21.2,28.2,14.2,33,57,4.3,0.0,3.8,0.2,0.0,9.0,310
nav,Pamplona Aeropuerto,Agosto,21.4,28.3,14.5,38,58,4.7,0.0,4.2,0.1,0.0,7.2,282
nav,Pamplona Aeropuerto,Septiembre,18.2,24.5,12.0,44,62,5.7,0.0,2.4,0.3,0.0,7.0,219
nav,Pamplona Aeropuerto,Octubre,14.1,19.3,8.9,68,69,8.6,0.0,1.5,1.6,0.2,4.5,164
nav,Pamplona Aeropuerto,Noviembre,9.0,13.1,4.8,75,76,9.6,0.7,0.4,2.4,3.3,4.0,108
nav,Pamplona Aeropuerto,Diciembre,6.0,9.7,2.2,72,78,10.1,1.5,0.4,3.5,9.1,3.4,88
nav,Pamplona Aeropuerto,Año,12.9,18.4,7.4,674,67,93.5,9.5,24.4,15.2,39.3,59.0,2240
val,Alicante/Alacant,Enero,11.7,17.0,6.3,23,67,3.6,0.0,0.2,0.2,0.4,8.0,181
val,Alicante/Alacant,Febrero,12.3,17.6,7.1,22,66,3.0,0.0,0.4,0.5,0.3,6.1,180
val,Alicante/Alacant,Marzo,14.2,19.6,8.9,23,65,3.4,0.0,0.4,0.6,0.0,6.5,227
val,Alicante/Alacant,Abril,16.1,21.3,10.9,29,63,4.1,0.0,1.6,0.2,0.0,5.5,247
val,Alicante/Alacant,Mayo,19.1,24.1,14.1,28,64,4.0,0.0,2.3,0.0,0.0,5.4,277
val,Alicante/Alacant,Junio,22.9,27.8,18.1,12,63,1.8,0.0,1.5,0.0,0.0,9.9,302
val,Alicante/Alacant,Julio,25.5,30.3,20.7,4,65,0.6,0.0,0.7,0.1,0.0,15.2,330
val,Alicante/Alacant,Agosto,26.0,30.8,21.2,7,67,1.1,0.0,1.1,0.0,0.0,12.7,304
val,Alicante/Alacant,Septiembre,23.5,28.5,18.5,56,69,3.3,0.0,2.7,0.1,0.0,6.5,250
val,Alicante/Alacant,Octubre,19.7,24.9,14.5,47,70,4.5,0.0,2.1,0.1,0.0,5.4,217
val,Alicante/Alacant,Noviembre,15.4,20.5,10.3,36,69,4.2,0.0,0.5,0.1,0.0,5.7,173
val,Alicante/Alacant,Diciembre,12.6,17.7,7.4,25,68,3.8,0.0,0.4,0.0,0.1,7.0,164
val,Alicante/Alacant,Año,18.3,23.3,13.2,311,66,37.5,0.0,13.8,1.9,0.9,95.2,2851
val,Alicante-Elche Aeropuerto,Enero,11.6,16.7,6.5,21,61,3.6,0.0,0.4,0.3,0.5,7.4,184
val,Alicante-Elche Aeropuerto,Febrero,12.3,17.4,7.1,20,61,2.9,0.0,0.5,1.0,0.2,5.7,179
val,Alicante-Elche Aeropuerto,Marzo,14.0,19.4,8.7,20,60,3.1,0.0,0.5,1.1,0.1,5.8,221
val,Alicante-Elche Aeropuerto,Abril,15.9,21.1,10.7,27,57,3.7,0.0,1.4,0.6,0.0,4.9,251
val,Alicante-Elche Aeropuerto,Mayo,18.9,23.8,13.9,28,59,3.7,0.0,2.0,0.3,0.0,5.1,291
val,Alicante-Elche Aeropuerto,Junio,22.8,27.6,18.0,10,58,1.6,0.0,1.5,0.2,0.0,8.8,316
val,Alicante-Elche Aeropuerto,Julio,25.5,30.1,20.8,4,59,0.7,0.0,0.8,0.1,0.0,14.5,344
val,Alicante-Elche Aeropuerto,Agosto,26.1,30.7,21.5,5,61,0.9,0.0,1.1,0.1,0.0,11.2,313
val,Alicante-Elche Aeropuerto,Septiembre,23.8,28.5,19.0,40,63,3.3,0.0,3.1,0.1,0.0,5.6,243
val,Alicante-Elche Aeropuerto,Octubre,19.8,24.7,14.9,46,64,4.1,0.0,2.0,0.4,0.0,4.4,218
val,Alicante-Elche Aeropuerto,Noviembre,15.4,20.3,10.6,34,64,3.8,0.0,0.7,0.2,0.0,5.5,174
val,Alicante-Elche Aeropuerto,Diciembre,12.5,17.3,7.5,22,63,3.7,0.0,0.4,0.4,0.1,6.1,165
val,Alicante-Elche Aeropuerto,Año,18.2,23.2,13.3,277,61,35.1,0.0,14.5,4.7,0.8,84.4,2953
val,Castellón - Almassora,Enero,10.6,15.3,5.8,36,67,4.2,0.0,0.3,0.5,0.7,8.0,180
val,Castellón - Almassora,Febrero,11.3,16.2,6.4,31,66,3.5,0.0,0.2,1.2,0.7,6.3,179
val,Castellón - Almassora,Marzo,13.4,18.5,8.3,31,64,3.3,0.0,0.3,1.4,0.0,6.6,209
val,Castellón - Almassora,Abril,15.4,20.5,10.3,42,63,4.6,0.0,1.7,0.7,0.0,4.6,235
val,Castellón - Almassora,Mayo,18.5,23.4,13.6,44,63,4.7,0.0,2.3,0.2,0.0,5.0,272
val,Castellón - Almassora,Junio,22.5,27.3,17.6,19,63,2.8,0.0,2.7,0.1,0.0,8.4,296
val,Castellón - Almassora,Julio,25.3,30.0,20.6,9,64,1.4,0.0,2.1,0.0,0.0,11.7,329
val,Castellón - Almassora,Agosto,25.6,30.3,20.9,24,66,2.4,0.0,3.9,0.0,0.0,7.9,290
val,Castellón - Almassora,Septiembre,22.9,27.6,18.1,71,68,5.0,0.0,3.9,0.1,0.0,5.2,229
val,Castellón - Almassora,Octubre,19.0,23.5,14.4,70,69,5.0,0.0,2.7,0.2,0.0,4.8,203
val,Castellón - Almassora,Noviembre,14.3,18.8,9.8,49,68,4.2,0.0,0.8,0.1,0.0,5.1,173
val,Castellón - Almassora,Diciembre,11.4,15.8,7.0,42,68,4.4,0.0,0.3,0.3,0.1,7.0,164
val,Castellón - Almassora,Año,17.5,22.3,12.7,467,66,45.5,0.0,21.7,5.2,1.6,80.6,2755
val,València,Enero,11.8,16.4,7.1,37,64,4.4,0.0,0.3,0.5,0.3,9.0,171
val,València,Febrero,12.5,17.1,7.8,36,64,3.9,0.0,0.4,1.3,0.1,6.0,171
val,València,Marzo,14.4,19.3,9.6,33,63,3.6,0.0,0.4,0.9,0.0,7.1,215
val,València,Abril,16.2,20.8,11.5,38,62,4.8,0.0,1.1,0.7,0.0,5.2,234
val,València,Mayo,19.0,23.4,14.6,39,65,4.3,0.0,1.8,0.4,0.0,5.9,258
val,València,Junio,22.9,27.1,18.6,22,66,2.6,0.0,1.8,0.2,0.0,9.0,276
val,València,Julio,25.6,29.7,21.5,8,67,1.1,0.0,1.6,0.1,0.0,13.0,314
val,València,Agosto,26.1,30.2,21.9,20,68,2.4,0.0,1.9,0.3,0.0,10.2,288
val,València,Septiembre,23.5,27.9,19.1,70,67,5.0,0.0,2.8,0.0,0.0,6.6,234
val,València,Octubre,19.7,24.3,15.2,77,67,5.0,0.0,2.3,0.0,0.0,5.9,202
val,València,Noviembre,15.3,19.8,10.8,47,66,4.3,0.0,0.5,0.3,0.0,6.7,167
val,València,Diciembre,12.6,17.0,8.1,48,65,4.8,0.0,0.3,0.2,0.0,7.1,155
val,València,Año,18.3,22.8,13.8,475,65,46.3,0.1,15.3,5.0,0.5,93.2,2696
val,Valencia Aeropuerto,Enero,10.5,15.8,5.1,37,66,4.0,0.2,0.3,0.6,2.3,8.4,176
val,Valencia Aeropuerto,Febrero,11.4,16.8,5.9,34,65,3.8,0.0,0.2,1.3,1.2,6.6,172
val,Valencia Aeropuerto,Marzo,13.6,19.3,7.8,30,61,3.3,0.0,0.1,0.8,0.4,6.7,220
val,Valencia Aeropuerto,Abril,15.5,21.1,10.0,40,59,4.7,0.0,1.1,0.4,0.0,5.1,238
val,Valencia Aeropuerto,Mayo,18.7,24.1,13.4,38,60,4.5,0.0,1.9,0.3,0.0,5.4,268
val,Valencia Aeropuerto,Junio,22.7,27.8,17.5,18,59,2.6,0.0,2.0,0.2,0.0,9.0,294
val,Valencia Aeropuerto,Julio,25.5,30.6,20.5,12,61,1.1,0.0,1.7,0.1,0.0,13.3,328
val,Valencia Aeropuerto,Agosto,25.9,30.8,20.9,16,63,2.0,0.0,2.3,0.1,0.0,10.0,292
val,Valencia Aeropuerto,Septiembre,23.0,28.0,18.0,63,65,4.8,0.0,3.1,0.1,0.0,6.6,236
val,Valencia Aeropuerto,Octubre,19.0,24.1,13.9,72,67,4.7,0.0,1.8,0.4,0.0,5.1,207
val,Valencia Aeropuerto,Noviembre,14.2,19.3,9.2,51,67,4.1,0.0,0.6,0.1,0.1,6.1,168
val,Valencia Aeropuerto,Diciembre,11.2,16.2,6.1,48,67,4.4,0.0,0.2,0.6,1.8,7.8,160
val,Valencia Aeropuerto,Año,17.6,22.8,12.4,461,63,43.9,0.2,15.5,5.1,4.9,92.5,-
ext,Badajoz Aeropuerto,Enero,8.6,14.0,3.3,50,79,6.6,0.1,0.1,10.0,8.1,6.7,146
ext,Badajoz Aeropuerto,Febrero,10.3,16.1,4.5,42,74,6.0,0.1,0.4,6.2,3.9,6.1,163
ext,Badajoz Aeropuerto,Marzo,13.3,20.1,6.6,30,65,4.9,0.0,0.6,2.7,0.8,7.8,226
ext,Badajoz Aeropuerto,Abril,15.1,21.6,8.7,49,64,7.0,0.0,1.9,1.2,0.0,5.4,244
ext,Badajoz Aeropuerto,Mayo,18.7,25.7,11.6,36,58,5.6,0.0,2.4,0.8,0.0,6.2,292
ext,Badajoz Aeropuerto,Junio,23.4,31.4,15.5,14,52,2.2,0.0,1.4,0.2,0.0,10.8,335
ext,Badajoz Aeropuerto,Julio,26.1,34.8,17.3,4,48,0.5,0.0,0.9,0.1,0.0,20.0,376
ext,Badajoz Aeropuerto,Agosto,25.9,34.5,17.3,5,49,0.7,0.0,0.9,0.0,0.0,17.0,342
ext,Badajoz Aeropuerto,Septiembre,22.9,30.5,15.2,24,56,3.2,0.0,1.7,0.6,0.0,9.8,260
ext,Badajoz Aeropuerto,Octubre,17.8,24.1,11.5,61,68,7.0,0.0,1.1,3.0,0.0,6.9,206
ext,Badajoz Aeropuerto,Noviembre,12.7,18.2,7.2,65,76,7.3,0.0,0.6,6.6,1.1,6.7,155
ext,Badajoz Aeropuerto,Diciembre,9.7,14.4,4.9,69,82,8.2,0.0,0.7,8.2,4.9,5.7,114
ext,Badajoz Aeropuerto,Año,17.1,23.8,10.3,447,64,59.2,0.1,12.9,39.4,18.9,109.1,2860
ext,Cáceres,Enero,7.8,12.0,3.7,54,79,6.7,0.3,0.0,4.1,5.0,8.2,156
ext,Cáceres,Febrero,9.3,14.0,4.7,48,73,6.5,0.1,0.3,2.3,2.3,6.5,175
ext,Cáceres,Marzo,12.2,17.7,6.7,36,63,5.0,0.1,0.7,0.6,0.7,8.2,232
ext,Cáceres,Abril,13.8,19.3,8.3,52,60,7.2,0.0,1.1,0.1,0.0,6.3,247
ext,Cáceres,Mayo,17.6,23.7,11.5,50,55,6.5,0.0,3.1,0.3,0.0,6.0,297
ext,Cáceres,Junio,22.9,29.9,16.0,20,44,2.6,0.0,1.6,0.0,0.0,10.8,336
ext,Cáceres,Julio,26.2,33.7,18.8,6,37,0.7,0.0,0.8,0.0,0.0,19.6,379
ext,Cáceres,Agosto,26.0,33.2,18.7,7,39,1.0,0.0,1.0,0.0,0.0,16.3,348
ext,Cáceres,Septiembre,22.4,28.8,16.0,30,49,3.5,0.0,1.7,0.0,0.0,10.1,261
ext,Cáceres,Octubre,17.0,22.0,11.9,77,65,7.5,0.0,1.2,0.4,0.0,6.9,205
ext,Cáceres,Noviembre,11.7,15.9,7.5,89,76,8.1,0.0,0.4,2.0,0.5,6.8,158
ext,Cáceres,Diciembre,8.7,12.5,4.9,77,80,8.4,0.1,0.3,4.8,3.0,7.1,129
ext,Cáceres,Año,16.3,21.9,10.7,551,60,64.2,-,12.2,15.0,11.6,114.1,2922
gal,A Coruña,Enero,10.8,13.5,8.1,112,75,14.0,0.1,1.6,1.0,0.1,3.6,102
gal,A Coruña,Febrero,11.1,14.1,8.0,88,73,12.0,0.1,1.1,1.3,0.0,3.6,121
gal,A Coruña,Marzo,12.4,15.5,9.2,75,72,11.5,0.0,1.1,1.2,0.0,4.4,160
gal,A Coruña,Abril,13.0,16.2,9.9,88,73,13.3,0.0,1.7,1.5,0.0,3.5,175
gal,A Coruña,Mayo,15.0,18.1,12.0,74,75,11.1,0.0,1.8,3.0,0.0,2.3,201
gal,A Coruña,Junio,17.4,20.6,14.3,44,76,6.7,0.0,1.0,4.7,0.0,4.3,225
gal,A Coruña,Julio,19.0,22.1,15.9,34,77,5.5,0.0,1.2,6.7,0.0,5.4,239
gal,A Coruña,Agosto,19.6,22.8,16.4,35,77,5.7,0.0,1.1,6.2,0.0,5.2,244
gal,A Coruña,Septiembre,18.6,22.0,15.2,64,76,7.9,0.0,1.6,5.2,0.0,5.7,192
gal,A Coruña,Octubre,16.1,19.1,13.0,130,77,12.9,0.0,1.3,3.2,0.0,3.5,149
gal,A Coruña,Noviembre,13.3,16.0,10.5,138,77,14.3,0.0,1.8,1.6,0.0,2.7,108
gal,A Coruña,Diciembre,11.5,14.1,8.9,131,75,14.6,0.0,1.5,1.3,0.0,4.6,94
gal,A Coruña,Año,14.8,17.8,11.8,1014,75,129.6,0.2,16.8,37.0,0.1,48.6,-
gal,A Coruña Aeropuerto,Enero,9.3,13.1,5.4,121,77,13.6,0.2,0.7,5.1,3.7,4.4,99
gal,A Coruña Aeropuerto,Febrero,9.5,13.8,5.2,102,74,12.0,0.0,0.6,4.3,3.0,5.7,117
gal,A Coruña Aeropuerto,Marzo,11.1,15.7,6.6,85,71,11.6,0.0,0.4,4.3,1.2,5.9,155
gal,A Coruña Aeropuerto,Abril,12.1,16.5,7.7,99,72,13.5,0.0,1.0,4.2,0.1,4.9,173
gal,A Coruña Aeropuerto,Mayo,14.4,18.6,10.1,82,73,11.8,0.0,1.5,4.4,0.0,3.5,194
gal,A Coruña Aeropuerto,Junio,17.1,21.4,12.7,45,73,6.7,0.0,0.8,4.9,0.0,6.0,217
gal,A Coruña Aeropuerto,Julio,18.7,23.1,14.3,35,74,5.6,0.0,0.8,6.6,0.0,5.9,236
gal,A Coruña Aeropuerto,Agosto,19.1,23.7,14.5,36,74,5.9,0.0,1.0,8.5,0.0,6.9,240
gal,A Coruña Aeropuerto,Septiembre,17.7,22.6,12.9,72,75,8.2,0.0,1.1,8.8,0.0,6.3,181
gal,A Coruña Aeropuerto,Octubre,14.9,19.2,10.6,139,78,13.3,0.0,0.6,7.4,0.0,3.5,142
gal,A Coruña Aeropuerto,Noviembre,11.8,15.7,7.9,140,79,13.9,0.0,1.1,5.9,0.4,3.3,104
gal,A Coruña Aeropuerto,Diciembre,9.9,13.7,6.1,144,78,14.6,0.0,0.9,5.3,2.5,5.7,94
gal,A Coruña Aeropuerto,Año,13.8,18.1,9.5,1106,75,130.9,0.2,10.2,69.4,10.3,-,1939
gal,Lugo Aeropuerto,Enero,6.2,10.6,1.8,114,83,14.0,1.7,0.2,6.8,11.5,-,-
gal,Lugo Aeropuerto,Febrero,7.0,12.3,1.7,87,79,11.1,1.7,0.2,6.7,10.7,-,-
gal,Lugo Aeropuerto,Marzo,9.2,15.2,3.0,80,74,11.2,0.8,0.5,6.4,6.3,-,146
gal,Lugo Aeropuerto,Abril,10.0,15.7,4.3,102,75,14.0,0.7,1.4,5.8,2.8,-,-
gal,Lugo Aeropuerto,Mayo,13.2,19.3,7.2,81,73,11.6,0.0,3.4,7.0,0.4,-,191
gal,Lugo Aeropuerto,Junio,16.1,22.3,9.9,52,73,6.6,0.0,1.9,7.9,0.0,-,211
gal,Lugo Aeropuerto,Julio,18.2,24.4,12.0,34,73,4.6,0.0,1.4,7.8,0.0,-,231
gal,Lugo Aeropuerto,Agosto,18.5,25.2,11.8,36,72,5.2,0.0,1.8,10.2,0.0,-,240
gal,Lugo Aeropuerto,Septiembre,16.4,23.0,9.8,68,75,7.7,0.0,1.2,11.5,0.0,-,179
gal,Lugo Aeropuerto,Octubre,12.9,18.3,7.6,137,81,13.6,0.0,0.7,8.2,0.7,-,135
gal,Lugo Aeropuerto,Noviembre,8.9,13.3,4.5,144,85,14.3,0.3,0.6,8.1,5.1,-,86
gal,Lugo Aeropuerto,Diciembre,6.9,11.0,2.7,134,85,13.8,1.0,0.4,6.7,10.2,-,85
gal,Lugo Aeropuerto,Año,12.0,17.6,6.3,1052,77,126.3,6.0,13.8,94.0,49.6,-,-
gal,Ourense,Enero,8.0,12.7,3.4,89,81,10.2,0.6,0.7,8.7,7.7,3.2,87
gal,Ourense,Febrero,9.2,15.2,3.2,66,74,8.6,0.2,0.4,5.1,7.1,4.1,115
gal,Ourense,Marzo,11.9,18.7,5.0,59,68,8.4,0.1,0.6,1.8,3.1,5.8,166
gal,Ourense,Abril,13.3,19.8,6.7,72,67,11.1,0.0,1.8,1.6,0.4,4.3,180
gal,Ourense,Mayo,16.2,22.9,9.5,64,66,9.5,0.0,3.4,1.2,0.1,3.4,205
gal,Ourense,Junio,20.2,27.5,12.8,36,62,4.6,0.0,2.1,0.9,0.0,7.0,249
gal,Ourense,Julio,22.5,30.2,14.8,20,59,2.9,0.0,1.7,0.6,0.0,8.7,278
gal,Ourense,Agosto,22.6,30.6,14.5,22,60,3.3,0.0,1.8,0.9,0.0,8.3,268
gal,Ourense,Septiembre,19.9,27.5,12.3,57,65,5.8,0.0,1.6,2.2,0.0,5.4,204
gal,Ourense,Octubre,15.6,21.7,9.6,112,75,10.4,0.0,1.4,6.0,0.0,2.5,138
gal,Ourense,Noviembre,11.1,15.9,6.3,103,82,10.5,0.0,0.6,9.3,2.0,1.5,84
gal,Ourense,Diciembre,8.5,12.8,4.1,112,84,11.2,0.2,0.8,9.3,6.4,2.4,70
gal,Ourense,Año,14.9,21.3,8.5,811,70,96.9,1.1,17.3,47.1,27.3,-,2054
gal,Pontevedra,Enero,9.6,12.9,6.3,178,77,14.3,0.1,1.3,2.0,0.6,6.5,103
gal,Pontevedra,Febrero,10.4,14.2,6.5,133,72,11.3,0.0,0.8,1.8,0.4,6.1,123
gal,Pontevedra,Marzo,12.4,16.9,7.8,120,68,11.2,0.0,1.1,1.5,0.2,7.5,181
gal,Pontevedra,Abril,13.0,17.6,8.4,143,69,14.2,0.0,1.2,1.9,0.0,5.7,203
gal,Pontevedra,Mayo,15.8,20.6,10.9,118,69,12.0,0.0,2.2,1.9,0.0,5.2,238
gal,Pontevedra,Junio,18.6,23.8,13.4,64,67,7.0,0.0,0.8,2.6,0.0,9.2,262
gal,Pontevedra,Julio,20.4,25.9,14.9,44,67,5.1,0.0,0.7,3.1,0.0,12.7,294
gal,Pontevedra,Agosto,20.6,26.0,15.2,56,68,5.5,0.0,0.8,3.7,0.0,10.8,279
gal,Pontevedra,Septiembre,18.8,23.7,13.8,95,72,8.4,0.0,0.9,4.2,0.0,9.2,224
gal,Pontevedra,Octubre,15.7,19.6,11.7,224,76,13.6,0.0,1.5,3.1,0.0,6.1,145
gal,Pontevedra,Noviembre,12.1,15.4,8.7,222,78,14.1,0.0,1.3,2.7,0.0,6.0,104
gal,Pontevedra,Diciembre,10.3,13.4,7.1,216,77,14.4,0.0,1.2,2.9,0.5,7.2,91
gal,Pontevedra,Año,14.8,19.2,10.4,1613,72,131.3,0.2,13.9,31.9,1.8,92.5,-
gal,Santiago de Compostela Aeropuerto,Enero,7.7,11.2,4.1,210,84,15.2,1.0,0.6,8.6,4.5,4.1,93
gal,Santiago de Compostela Aeropuerto,Febrero,8.3,12.5,4.1,167,79,12.6,0.7,0.8,7.0,3.7,4.4,114
gal,Santiago de Compostela Aeropuerto,Marzo,10.2,15.0,5.4,146,75,12.8,0.2,0.7,6.5,1.5,5.0,151
gal,Santiago de Compostela Aeropuerto,Abril,11.2,16.1,6.2,146,76,14.4,0.3,1.9,5.6,0.4,3.7,165
gal,Santiago de Compostela Aeropuerto,Mayo,13.6,18.6,8.5,135,76,12.7,0.0,2.2,8.4,0.0,3.4,187
gal,Santiago de Compostela Aeropuerto,Junio,16.8,22.2,11.3,72,74,7.6,0.0,1.2,7.8,0.0,5.2,225
gal,Santiago de Compostela Aeropuerto,Julio,18.6,24.3,13.0,43,74,5.7,0.0,0.9,9.4,0.0,7.0,243
gal,Santiago de Compostela Aeropuerto,Agosto,19.0,24.7,13.3,57,74,5.5,0.0,1.1,11.2,0.0,6.8,237
gal,Santiago de Compostela Aeropuerto,Septiembre,17.4,22.8,11.9,107,75,8.4,0.0,0.9,10.7,0.0,6.4,184
gal,Santiago de Compostela Aeropuerto,Octubre,13.8,18.1,9.5,226,82,14.0,0.0,1.1,11.1,0.1,3.7,132
gal,Santiago de Compostela Aeropuerto,Noviembre,10.4,14.1,6.7,217,86,14.9,0.1,0.9,9.8,1.0,3.3,95
gal,Santiago de Compostela Aeropuerto,Diciembre,8.5,11.9,5.0,261,85,15.9,0.3,1.2,8.1,2.6,5.1,85
gal,Santiago de Compostela Aeropuerto,Año,13.0,17.6,8.3,1787,78,139.5,2.7,13.4,104.3,13.3,-,-
gal,Vigo Aeropuerto,Enero,8.6,11.9,5.4,208,84,14.0,0.1,1.1,10.9,1.7,6.3,114
gal,Vigo Aeropuerto,Febrero,9.6,13.3,5.8,162,78,11.7,0.2,0.8,7.3,0.9,5.9,131
gal,Vigo Aeropuerto,Marzo,11.5,15.7,7.3,141,73,11.6,0.1,0.7,7.2,0.3,7.4,178
gal,Vigo Aeropuerto,Abril,12.4,16.6,8.2,157,73,13.5,0.0,1.9,7.0,0.0,5.0,193
gal,Vigo Aeropuerto,Mayo,14.6,18.8,10.4,127,73,12.4,0.0,2.6,8.2,0.0,5.0,228
gal,Vigo Aeropuerto,Junio,17.9,22.5,13.2,62,71,6.9,0.0,1.1,7.6,0.0,9.4,273
gal,Vigo Aeropuerto,Julio,19.6,24.4,14.8,44,71,5.0,0.0,0.8,9.0,0.0,11.7,296
gal,Vigo Aeropuerto,Agosto,19.8,24.7,15.0,45,71,4.7,0.0,0.9,9.5,0.0,11.8,287
gal,Vigo Aeropuerto,Septiembre,18.3,22.8,13.8,102,74,7.8,0.0,0.9,9.1,0.0,9.1,212
gal,Vigo Aeropuerto,Octubre,15.0,18.8,11.2,231,81,13.1,0.0,1.4,10.8,0.0,5.5,154
gal,Vigo Aeropuerto,Noviembre,11.5,14.9,8.2,246,84,13.1,0.0,1.2,10.7,0.1,5.0,112
gal,Vigo Aeropuerto,Diciembre,9.3,12.4,6.3,262,84,15.1,0.1,1.8,11.1,0.8,6.8,101
gal,Vigo Aeropuerto,Año,14.0,18.0,9.9,1791,77,129.2,0.5,15.3,107.4,3.8,88.9,2269
bal,Ibiza  Aeropuerto,Enero,11.9,15.7,8.1,37,75,4.9,0.1,1.0,0.7,0.1,6.0,162
bal,Ibiza  Aeropuerto,Febrero,12.1,15.9,8.3,36,73,5.0,0.0,0.6,0.8,0.0,4.9,166
bal,Ibiza  Aeropuerto,Marzo,13.7,17.7,9.6,27,72,3.3,0.0,0.7,1.0,0.0,7.1,211
bal,Ibiza  Aeropuerto,Abril,15.6,19.7,11.4,31,70,4.1,0.0,1.0,0.6,0.0,6.1,246
bal,Ibiza  Aeropuerto,Mayo,18.6,22.7,14.6,27,70,3.2,0.0,0.8,0.2,0.0,6.8,272
bal,Ibiza  Aeropuerto,Junio,22.6,26.8,18.4,11,67,1.4,0.0,0.9,0.1,0.0,10.5,299
bal,Ibiza  Aeropuerto,Julio,25.6,29.7,21.4,5,67,0.5,0.0,0.5,0.1,0.0,15.9,334
bal,Ibiza  Aeropuerto,Agosto,26.3,30.3,22.2,18,69,1.5,0.0,1.5,0.0,0.0,13.0,305
bal,Ibiza  Aeropuerto,Septiembre,23.8,27.7,19.9,57,71,4.2,0.0,3.1,0.0,0.0,6.0,236
bal,Ibiza  Aeropuerto,Octubre,20.2,24.0,16.5,58,73,5.6,0.0,2.9,0.2,0.0,4.1,205
bal,Ibiza  Aeropuerto,Noviembre,15.9,19.6,12.3,53,73,5.6,0.0,1.6,0.1,0.0,4.0,157
bal,Ibiza  Aeropuerto,Diciembre,13.1,16.7,9.5,52,74,5.4,0.0,0.8,0.3,0.0,4.7,151
bal,Ibiza  Aeropuerto,Año,18.3,22.2,14.3,413,71,44.7,0.2,14.8,4.5,-,89.7,-
bal,Menorca  Aeropuerto,Enero,10.8,14.1,7.5,52,77,7.1,0.2,1.5,2.1,0.3,2.8,144
bal,Menorca  Aeropuerto,Febrero,10.8,14.2,7.4,54,76,6.9,0.4,1.8,2.2,0.2,2.2,146
bal,Menorca  Aeropuerto,Marzo,12.3,15.9,8.6,38,73,5.8,0.1,1.3,3.6,0.0,3.8,202
bal,Menorca  Aeropuerto,Abril,14.3,18.0,10.6,45,72,6.0,0.0,2.0,2.4,0.0,3.5,222
bal,Menorca  Aeropuerto,Mayo,17.8,21.6,13.9,37,70,4.4,0.0,1.6,2.5,0.0,5.0,270
bal,Menorca  Aeropuerto,Junio,21.8,25.8,17.8,14,64,2.0,0.0,1.3,1.2,0.0,8.3,311
bal,Menorca  Aeropuerto,Julio,24.9,28.9,20.8,3,63,0.6,0.0,0.7,0.7,0.0,15.3,347
bal,Menorca  Aeropuerto,Agosto,25.4,29.2,21.5,20,65,2.0,0.0,2.2,0.4,0.0,11.4,312
bal,Menorca  Aeropuerto,Septiembre,22.6,26.2,18.9,61,70,5.4,0.0,4.7,0.2,0.0,4.1,225
bal,Menorca  Aeropuerto,Octubre,19.4,22.7,16.1,78,75,7.4,0.0,4.3,1.1,0.0,2.0,183
bal,Menorca  Aeropuerto,Noviembre,14.9,18.1,11.6,88,75,8.1,0.0,3.8,0.9,0.0,1.6,142
bal,Menorca  Aeropuerto,Diciembre,12.1,15.2,9.0,61,77,8.8,0.1,2.2,1.1,0.0,2.1,130
bal,Menorca  Aeropuerto,Año,17.2,20.8,13.6,546,72,63.6,0.9,27.3,19.2,-,63.3,2632
bal,Palma  Puerto,Enero,11.9,15.4,8.3,42,73,5.8,0.3,0.7,0.6,0.0,4.1,167
bal,Palma  Puerto,Febrero,11.9,15.5,8.4,37,72,5.6,0.1,0.7,0.7,0.0,3.4,170
bal,Palma  Puerto,Marzo,13.4,17.2,9.6,28,70,4.5,0.0,0.9,1.0,0.0,4.1,205
bal,Palma  Puerto,Abril,15.5,19.2,11.7,39,68,5.1,0.0,1.3,0.4,0.0,4.1,237
bal,Palma  Puerto,Mayo,18.8,22.5,15.1,36,69,3.6,0.0,1.2,0.5,0.0,5.1,284
bal,Palma  Puerto,Junio,22.7,26.5,18.9,11,69,1.7,0.0,0.8,0.1,0.0,8.9,315
bal,Palma  Puerto,Julio,25.7,29.4,21.9,6,68,0.7,0.0,0.6,0.0,0.0,16.2,346
bal,Palma  Puerto,Agosto,26.2,29.8,22.5,22,70,1.9,0.0,1.5,0.0,0.0,11.0,316
bal,Palma  Puerto,Septiembre,23.5,27.1,19.9,52,72,4.7,0.0,3.0,0.0,0.0,4.9,226
bal,Palma  Puerto,Octubre,20.2,23.7,16.6,69,74,6.7,0.0,2.1,0.2,0.0,3.3,205
bal,Palma  Puerto,Noviembre,15.8,19.3,12.3,59,74,6.4,0.0,1.8,0.2,0.0,3.0,161
bal,Palma  Puerto,Diciembre,13.1,16.5,9.7,48,74,6.5,0.0,1.3,0.4,0.0,4.0,151
bal,Palma  Puerto,Año,18.2,21.8,14.6,449,71,53.1,0.4,15.9,4.2,0.0,71.6,2779
bal,Palma de Mallorca  Aeropuerto,Enero,9.5,15.2,3.8,37,79,5.7,0.1,0.8,6.3,5.1,3.5,163
bal,Palma de Mallorca  Aeropuerto,Febrero,9.8,15.4,4.0,32,77,5.1,0.1,0.8,5.5,3.8,2.9,166
bal,Palma de Mallorca  Aeropuerto,Marzo,11.3,17.5,5.2,26,75,4.5,0.0,0.8,6.9,2.1,3.9,202
bal,Palma de Mallorca  Aeropuerto,Abril,13.6,19.8,7.4,34,71,4.8,0.0,1.3,3.5,0.1,3.8,234
bal,Palma de Mallorca  Aeropuerto,Mayo,17.5,23.7,11.3,32,67,3.8,0.0,1.2,2.2,0.0,5.4,283
bal,Palma de Mallorca  Aeropuerto,Junio,21.7,28.1,15.4,12,63,1.8,0.0,0.8,0.6,0.0,9.1,316
bal,Palma de Mallorca  Aeropuerto,Julio,24.8,31.2,18.3,5,62,0.5,0.0,0.7,0.4,0.0,16.1,342
bal,Palma de Mallorca  Aeropuerto,Agosto,25.1,31.3,18.9,17,65,1.7,0.0,1.8,0.5,0.0,12.4,315
bal,Palma de Mallorca  Aeropuerto,Septiembre,22.2,27.9,16.5,50,71,4.3,0.0,3.9,1.3,0.0,5.0,222
bal,Palma de Mallorca  Aeropuerto,Octubre,18.5,23.9,13.1,62,77,6.1,0.0,2.9,3.1,0.0,2.6,203
bal,Palma de Mallorca  Aeropuerto,Noviembre,13.7,19.0,8.3,55,79,6.1,0.0,2.1,3.2,0.3,2.3,162
bal,Palma de Mallorca  Aeropuerto,Diciembre,10.8,16.1,5.4,48,79,6.4,0.0,1.6,5.5,2.5,3.1,152
bal,Palma de Mallorca  Aeropuerto,Año,16.5,22.4,10.6,411,72,50.9,0.3,18.6,39.1,15.0,70.6,2756
rio,Logroño Aeropuerto,Enero,5.9,9.9,2.0,28,78,5.6,1.5,0.0,7.2,9.5,3.1,105
rio,Logroño Aeropuerto,Febrero,7.2,12.0,2.4,23,72,5.1,1.4,0.0,4.4,7.3,3.6,133
rio,Logroño Aeropuerto,Marzo,10.2,15.9,4.6,26,65,4.7,0.6,0.3,1.7,2.2,4.7,189
rio,Logroño Aeropuerto,Abril,12.0,17.8,6.3,46,64,7.4,0.3,1.4,1.4,0.6,3.2,198
rio,Logroño Aeropuerto,Mayo,15.9,22.0,9.7,47,62,8.0,0.0,4.2,0.6,0.0,3.0,225
rio,Logroño Aeropuerto,Junio,20.1,26.9,13.3,44,57,5.2,0.0,4.5,0.4,0.0,5.3,270
rio,Logroño Aeropuerto,Julio,22.8,30.1,15.6,30,55,3.7,0.0,4.1,0.2,0.0,9.9,312
rio,Logroño Aeropuerto,Agosto,22.7,29.8,15.6,21,58,3.4,0.0,4.1,0.3,0.0,8.1,285
rio,Logroño Aeropuerto,Septiembre,19.3,25.8,12.9,26,64,3.9,0.0,1.9,0.9,0.0,6.6,220
rio,Logroño Aeropuerto,Octubre,14.7,20.1,9.2,37,72,6.5,0.0,0.6,4.1,0.2,3.6,164
rio,Logroño Aeropuerto,Noviembre,9.5,13.8,5.3,40,77,6.7,0.2,0.1,5.9,2.7,3.5,113
rio,Logroño Aeropuerto,Diciembre,6.5,10.2,2.8,38,80,6.5,0.9,0.0,7.6,6.7,3.5,93
rio,Logroño Aeropuerto,Año,13.9,19.5,8.3,405,67,66.6,5.0,21.6,34.6,29.2,58.1,2305
pva,Bilbao Aeropuerto,Enero,9.3,13.4,5.1,120,72,12.6,0.7,1.3,1.2,3.2,2.6,85
pva,Bilbao Aeropuerto,Febrero,9.7,14.3,5.1,86,69,10.6,0.7,1.2,1.9,2.1,2.7,97
pva,Bilbao Aeropuerto,Marzo,11.5,16.5,6.4,90,68,10.5,0.3,1.0,1.6,1.0,2.6,132
pva,Bilbao Aeropuerto,Abril,12.6,17.6,7.6,107,69,12.5,0.0,2.5,2.0,0.1,1.8,138
pva,Bilbao Aeropuerto,Mayo,15.7,20.8,10.6,78,69,10.5,0.0,3.1,1.6,0.0,2.1,169
pva,Bilbao Aeropuerto,Junio,18.4,23.4,13.4,60,70,7.2,0.0,2.6,1.2,0.0,3.0,180
pva,Bilbao Aeropuerto,Julio,20.4,25.4,15.4,50,71,7.0,0.0,2.8,1.1,0.0,3.9,186
pva,Bilbao Aeropuerto,Agosto,20.9,26.0,15.7,76,72,7.9,0.0,3.1,1.8,0.0,3.4,179
pva,Bilbao Aeropuerto,Septiembre,19.2,24.6,13.8,73,71,8.3,0.0,2.1,3.0,0.0,3.8,160
pva,Bilbao Aeropuerto,Octubre,16.4,21.4,11.4,111,71,10.8,0.0,1.4,2.5,0.0,2.7,126
pva,Bilbao Aeropuerto,Noviembre,12.4,16.6,8.1,147,73,12.7,0.1,1.6,1.8,0.8,2.6,88
pva,Bilbao Aeropuerto,Diciembre,9.9,13.9,5.9,122,72,12.3,0.3,0.9,1.7,2.9,2.8,78
pva,Bilbao Aeropuerto,Año,14.7,19.5,9.9,1134,70,124.0,2.2,23.7,21.5,9.6,33.6,1610
pva,Donostia/San Sebastián  Igueldo,Enero,8.5,11.0,5.9,141,75,13.2,1.3,1.2,7.7,2.6,2.9,98
pva,Donostia/San Sebastián  Igueldo,Febrero,8.7,11.5,5.9,110,74,11.6,1.6,1.4,6.2,1.8,2.9,107
pva,Donostia/San Sebastián  Igueldo,Marzo,10.3,13.4,7.2,113,74,12.4,0.3,1.5,7.6,0.6,2.9,144
pva,Donostia/San Sebastián  Igueldo,Abril,11.3,14.5,8.1,138,77,13.4,0.1,2.2,9.1,0.0,1.9,157
pva,Donostia/San Sebastián  Igueldo,Mayo,14.4,17.7,11.1,120,78,12.2,0.0,3.3,10.4,0.0,2.1,181
pva,Donostia/San Sebastián  Igueldo,Junio,16.9,20.0,13.8,90,82,10.6,0.0,3.3,11.2,0.0,2.7,189
pva,Donostia/San Sebastián  Igueldo,Julio,18.9,21.8,16.0,86,83,9.8,0.0,3.5,10.6,0.0,3.1,196
pva,Donostia/San Sebastián  Igueldo,Agosto,19.5,22.5,16.5,117,83,10.5,0.0,3.7,9.1,0.0,3.4,190
pva,Donostia/San Sebastián  Igueldo,Septiembre,18.0,21.1,14.8,111,79,10.1,0.0,2.5,8.3,0.0,4.1,179
pva,Donostia/San Sebastián  Igueldo,Octubre,15.5,18.5,12.4,159,75,11.8,0.0,1.9,7.3,0.0,2.6,140
pva,Donostia/San Sebastián  Igueldo,Noviembre,11.3,14.0,8.7,169,76,13.0,0.2,1.6,7.7,0.5,2.8,102
pva,Donostia/San Sebastián  Igueldo,Diciembre,9.1,11.6,6.6,151,75,12.4,0.5,1.1,6.7,1.6,2.9,93
pva,Donostia/San Sebastián  Igueldo,Año,13.5,16.5,10.6,1507,78,141.1,4.0,27.3,101.9,7.1,34.2,1816
pva,Foronda-Txokiza,Enero,4.9,8.7,1.2,75,83,10.4,2.8,0.1,5.4,12.1,1.6,83
pva,Foronda-Txokiza,Febrero,5.7,10.3,1.1,63,79,9.5,3.4,0.2,4.7,11.5,1.7,108
pva,Foronda-Txokiza,Marzo,8.2,13.7,2.7,63,72,8.4,1.6,0.8,3.5,7.3,2.5,148
pva,Foronda-Txokiza,Abril,9.8,15.4,4.1,73,72,11.2,0.9,2.1,3.0,2.9,2.0,163
pva,Foronda-Txokiza,Mayo,13.3,19.3,7.2,70,71,9.2,0.1,4.5,2.9,0.4,1.4,196
pva,Foronda-Txokiza,Junio,16.6,23.0,10.2,43,70,6.0,0.0,3.9,3.4,0.0,2.7,218
pva,Foronda-Txokiza,Julio,19.0,25.7,12.3,38,70,4.1,0.0,3.6,3.3,0.0,3.9,244
pva,Foronda-Txokiza,Agosto,19.2,25.9,12.5,39,70,4.6,0.0,3.5,4.7,0.0,2.7,226
pva,Foronda-Txokiza,Septiembre,16.6,23.1,10.1,41,72,6.3,0.0,2.0,6.1,0.0,3.0,178
pva,Foronda-Txokiza,Octubre,12.9,18.3,7.5,71,77,9.3,0.0,1.0,6.2,0.7,1.7,144
pva,Foronda-Txokiza,Noviembre,8.2,12.4,4.0,91,82,10.5,0.9,0.4,5.3,4.8,1.5,92
pva,Foronda-Txokiza,Diciembre,5.5,9.1,1.9,82,84,10.5,1.7,0.4,5.0,9.8,1.5,75
pva,Foronda-Txokiza,Año,11.7,17.1,6.2,742,75,99.3,11.4,22.7,53.6,49.4,25.8,1886
pva,Hondarribia  Malkarroa,Enero,8.9,13.1,4.7,157,75,13.1,0.9,1.0,1.0,4.4,3.0,88
pva,Hondarribia  Malkarroa,Febrero,9.4,13.8,5.0,135,72,11.7,0.8,0.8,0.8,2.4,3.1,108
pva,Hondarribia  Malkarroa,Marzo,11.6,16.1,7.0,124,70,11.7,0.2,1.3,0.9,0.9,2.9,141
pva,Hondarribia  Malkarroa,Abril,13.0,17.5,8.5,156,71,13.6,0.0,1.7,0.8,0.0,2.2,159
pva,Hondarribia  Malkarroa,Mayo,16.2,20.7,11.8,120,72,11.8,0.0,2.7,0.4,0.0,2.4,182
pva,Hondarribia  Malkarroa,Junio,19.0,23.1,14.8,95,73,10.1,0.0,2.6,0.5,0.0,2.9,188
pva,Hondarribia  Malkarroa,Julio,21.0,25.1,16.9,85,74,9.3,0.0,2.3,0.4,0.0,3.5,198
pva,Hondarribia  Malkarroa,Agosto,21.5,25.7,17.2,117,75,9.8,0.0,3.1,0.4,0.0,3.1,197
pva,Hondarribia  Malkarroa,Septiembre,19.4,24.0,14.7,132,75,9.9,0.0,1.8,0.9,0.0,4.2,170
pva,Hondarribia  Malkarroa,Octubre,16.4,21.0,11.8,167,75,11.9,0.0,1.4,1.2,0.0,3.3,134
pva,Hondarribia  Malkarroa,Noviembre,12.0,16.2,7.8,188,76,12.8,0.1,1.2,1.1,0.9,3.1,96
pva,Hondarribia  Malkarroa,Diciembre,9.6,13.5,5.6,174,75,12.3,0.3,1.3,1.2,3.4,3.1,81
pva,Hondarribia  Malkarroa,Año,14.8,19.2,10.5,1649,74,137.8,2.2,21.2,9.6,11.7,36.6,1750
ast,Asturias Aeropuerto,Enero,9.4,12.9,5.9,103,75,12.2,0.4,1.1,0.7,1.0,3.4,98
ast,Asturias Aeropuerto,Febrero,9.4,13.1,5.7,88,74,11.1,0.5,1.0,0.8,0.9,3.2,109
ast,Asturias Aeropuerto,Marzo,10.7,14.6,6.8,82,75,10.8,0.0,0.9,1.4,0.3,3.1,142
ast,Asturias Aeropuerto,Abril,11.3,15.1,7.5,99,76,12.8,0.0,1.5,2.4,0.0,2.4,151
ast,Asturias Aeropuerto,Mayo,13.6,17.3,10.0,79,80,11.9,0.0,1.6,3.5,0.0,2.0,166
ast,Asturias Aeropuerto,Junio,16.2,19.6,12.8,61,81,7.8,0.0,1.5,5.4,0.0,2.6,163
ast,Asturias Aeropuerto,Julio,18.2,21.5,14.8,47,81,7.2,0.0,2.0,4.7,0.0,3.1,173
ast,Asturias Aeropuerto,Agosto,18.8,22.2,15.3,60,81,7.3,0.0,1.5,3.7,0.0,3.2,182
ast,Asturias Aeropuerto,Septiembre,17.4,21.2,13.7,73,80,8.3,0.0,1.3,3.3,0.0,4.2,170
ast,Asturias Aeropuerto,Octubre,15.1,18.7,11.3,116,80,11.5,0.0,0.9,2.9,0.0,3.1,130
ast,Asturias Aeropuerto,Noviembre,11.8,15.3,8.4,134,78,12.9,0.0,0.9,1.1,0.1,2.8,96
ast,Asturias Aeropuerto,Diciembre,9.9,13.3,6.5,117,76,13.6,0.1,0.8,1.1,0.6,3.3,86
ast,Asturias Aeropuerto,Año,13.5,17.1,9.9,1062,78,127.8,1.0,15.1,31.0,2.9,36.0,1670
ast,Oviedo,Enero,8.3,12.0,4.6,84,76,10.7,1.4,0.7,4.9,2.9,3.4,115
ast,Oviedo,Febrero,8.7,12.7,4.7,81,75,10.3,1.7,0.7,5.5,2.5,2.8,122
ast,Oviedo,Marzo,10.5,14.9,6.1,78,74,10.4,0.8,1.1,5.6,0.8,3.2,153
ast,Oviedo,Abril,11.3,15.7,6.8,100,76,12.2,0.3,2.1,7.2,0.1,1.7,160
ast,Oviedo,Mayo,13.9,18.2,9.5,82,78,12.1,0.0,3.6,9.7,0.0,1.5,167
ast,Oviedo,Junio,16.7,20.9,12.4,57,79,8.3,0.0,2.2,10.2,0.0,2.2,167
ast,Oviedo,Julio,18.7,22.8,14.5,45,79,7.3,0.0,2.4,11.1,0.0,2.3,177
ast,Oviedo,Agosto,19.1,23.3,14.8,56,80,7.8,0.0,2.5,11.1,0.0,2.5,176
ast,Oviedo,Septiembre,17.6,22.1,13.1,66,78,7.9,0.0,1.5,9.7,0.0,3.1,166
ast,Oviedo,Octubre,14.6,18.7,10.4,98,79,11.3,0.0,0.8,9.8,0.0,2.3,138
ast,Oviedo,Noviembre,10.9,14.6,7.2,115,79,12.3,0.1,0.9,7.4,0.3,2.6,109
ast,Oviedo,Diciembre,8.9,12.4,5.3,98,77,11.7,0.6,0.8,5.4,2.6,3.6,105
ast,Oviedo,Año,13.3,17.4,9.1,960,78,122.3,5.0,19.4,97.6,9.1,31.3,1756
mur,Alcantarilla  Base Aérea,Enero,10.2,16.6,3.9,26,64,3.3,0.1,0.2,2.3,4.5,8.5,181
mur,Alcantarilla  Base Aérea,Febrero,11.7,18.1,5.2,28,62,3.4,0.1,0.4,2.7,2.0,6.8,179
mur,Alcantarilla  Base Aérea,Marzo,14.1,20.9,7.2,31,57,3.4,0.0,0.4,1.7,0.4,6.3,210
mur,Alcantarilla  Base Aérea,Abril,16.1,23.1,9.2,25,53,3.5,0.0,1.0,1.2,0.0,5.5,244
mur,Alcantarilla  Base Aérea,Mayo,19.6,26.4,12.7,28,51,3.9,0.0,2.1,0.3,0.0,6.1,282
mur,Alcantarilla  Base Aérea,Junio,23.9,30.9,16.9,18,49,1.7,0.0,1.3,0.5,0.0,10.6,318
mur,Alcantarilla  Base Aérea,Julio,26.9,34.0,19.7,2,49,0.5,0.0,0.5,0.1,0.0,17.0,343
mur,Alcantarilla  Base Aérea,Agosto,27.2,34.0,20.4,10,53,1.1,0.0,1.3,0.1,0.0,12.5,305
mur,Alcantarilla  Base Aérea,Septiembre,24.0,30.4,17.4,29,59,2.8,0.0,2.2,0.4,0.0,6.3,230
mur,Alcantarilla  Base Aérea,Octubre,19.4,25.6,13.2,34,64,3.7,0.0,1.4,1.7,0.0,5.3,204
mur,Alcantarilla  Base Aérea,Noviembre,14.3,20.2,8.4,33,67,4.1,0.0,0.3,1.8,0.4,6.3,172
mur,Alcantarilla  Base Aérea,Diciembre,11.1,17.0,5.1,25,67,3.5,0.0,0.3,2.2,2.9,7.6,166
mur,Alcantarilla  Base Aérea,Año,18.2,24.8,11.6,290,58,35.0,0.1,11.4,15.0,10.2,99.8,2825
mur,Murcia,Enero,10.6,16.6,4.7,27,65,3.8,0.1,0.2,1.1,2.3,8.0,189
mur,Murcia,Febrero,12.2,18.4,5.9,27,63,3.6,0.0,0.5,2.0,1.2,7.1,190
mur,Murcia,Marzo,14.3,20.9,7.7,30,59,3.3,0.0,0.5,0.8,0.3,6.5,223
mur,Murcia,Abril,16.5,23.3,9.7,25,53,3.6,0.0,1.6,0.6,0.0,5.8,256
mur,Murcia,Mayo,20.0,26.6,13.3,28,52,3.9,0.0,2.3,0.6,0.0,5.8,289
mur,Murcia,Junio,24.2,31.0,17.4,18,49,2.0,0.0,2.1,0.3,0.0,10.9,323
mur,Murcia,Julio,27.2,34.0,20.3,3,50,0.6,0.0,0.9,0.2,0.0,16.1,353
mur,Murcia,Agosto,27.6,34.2,20.9,8,54,1.0,0.0,1.4,0.2,0.0,12.5,316
mur,Murcia,Septiembre,24.2,30.4,18.0,32,59,3.0,0.0,3.2,0.4,0.0,6.7,239
mur,Murcia,Octubre,19.8,25.6,13.9,36,64,3.7,0.0,2.0,0.6,0.0,5.3,217
mur,Murcia,Noviembre,14.6,20.3,8.9,32,65,4.1,0.0,0.5,0.8,0.2,7.1,186
mur,Murcia,Diciembre,11.5,17.2,5.8,29,68,3.9,0.0,0.2,1.0,1.5,7.0,172
mur,Murcia,Año,18.6,24.9,12.3,297,58,36.5,0.2,15.6,8.7,5.5,99.2,2967
mur,San Javier Aeropuerto,Enero,10.8,16.0,5.5,42,72,3.7,0.0,0.7,0.6,1.6,8.1,173
mur,San Javier Aeropuerto,Febrero,11.6,16.7,6.5,27,71,3.2,0.0,0.7,1.3,0.7,6.5,171
mur,San Javier Aeropuerto,Marzo,13.4,18.5,8.4,24,70,3.2,0.0,0.3,0.8,0.2,7.3,206
mur,San Javier Aeropuerto,Abril,15.3,20.4,10.2,23,68,2.9,0.0,0.7,0.6,0.0,6.3,224
mur,San Javier Aeropuerto,Mayo,18.4,22.9,13.8,25,69,3.0,0.0,1.4,0.3,0.0,6.8,266
mur,San Javier Aeropuerto,Junio,22.2,26.4,17.9,7,69,1.1,0.0,0.9,0.2,0.0,11.0,288
mur,San Javier Aeropuerto,Julio,24.8,28.9,20.7,2,70,0.4,0.0,0.7,0.1,0.0,15.0,307
mur,San Javier Aeropuerto,Agosto,25.5,29.5,21.5,7,72,0.8,0.0,1.0,0.1,0.0,12.5,283
mur,San Javier Aeropuerto,Septiembre,23.2,27.5,18.9,39,71,2.6,0.0,2.2,0.2,0.0,7.6,224
mur,San Javier Aeropuerto,Octubre,19.4,24.0,14.7,39,73,3.6,0.0,1.7,0.5,0.0,5.9,200
mur,San Javier Aeropuerto,Noviembre,14.9,19.8,10.0,47,72,4.4,0.0,0.9,0.5,0.1,6.4,162
mur,San Javier Aeropuerto,Diciembre,11.9,16.9,6.8,30,73,4.1,0.0,0.6,0.6,0.7,7.2,156
mur,San Javier Aeropuerto,Año,17.6,22.3,12.9,313,71,32.9,0.0,11.7,5.8,3.1,99.8,2621
